product,category,price,demand,season,rating,gender,color,size
"Activewear Joggers","Sportswear",1584,98,"Autumn",3.8,"Unisex","Pink","M"
"Linen Summer Dress","Dresses",4287,73,"Summer",4.3,"Women","Black","XS"
"Linen Button-up","Tops",832,55,"Autumn",3.8,"Men","Yellow","L"
"Slim Fit Polo Shirt","Tops",420,44,"Winter",3.9,"Men","Green","L"
"Silk Kurta Pajama","Ethnic Wear",2122,43,"Summer",4.3,"Men","Navy","XS"
"Cargo Utility Pants","Bottoms",2217,44,"Winter",4.9,"Men","Black","XL"
"Crop Hooded Top","Tops",577,43,"Summer",4.5,"Women","Green","S"
"Strappy Sandals","Footwear",3286,60,"Summer",4.3,"Women","Yellow","L"
"Running Shorts","Sportswear",1441,67,"Autumn",4.8,"Unisex","Red","S"
"Crop Hooded Top","Tops",911,66,"Summer",3.9,"Women","Beige","L"
"Lace-up Formal Shoes","Footwear",1766,63,"Autumn",4.3,"Men","Blue","XS"
"Slim Fit Denim Jeans","Bottoms",2387,47,"Spring",5.0,"Unisex","Navy","S"
"Chino Trousers","Bottoms",1086,100,"Autumn",5.0,"Men","Pink","XS"
"Classic Canvas Sneakers","Footwear",3831,63,"Winter",4.8,"Unisex","Green","L"
"Classic Cotton T-Shirt","Tops",605,40,"Winter",3.8,"Unisex","Navy","S"
"V-Neck Camisole","Tops",929,64,"Spring",4.4,"Women","Green","XL"
"Linen Button-up","Tops",1088,55,"Autumn",4.0,"Men","White","L"
"Silk Kurta Pajama","Ethnic Wear",977,78,"Autumn",3.8,"Men","Beige","XXL"
"Oversized Fleece Hoodie","Outerwear",3079,59,"Spring",4.1,"Unisex","Green","XXL"
"Knitted Sweater Vest","Outerwear",3576,66,"Spring",3.7,"Unisex","Pink","XS"
"Compression Gym Tee","Sportswear",822,47,"Winter",4.8,"Men","Olive","Free"
"Trench Coat","Outerwear",2217,25,"Summer",4.0,"Unisex","Navy","XXL"
"Leather Chelsea Boots","Footwear",5941,48,"Spring",4.1,"Men","Navy","XXL"
"Running Shorts","Sportswear",555,48,"Spring",4.0,"Unisex","Pink","XS"
"Compression Gym Tee","Sportswear",1124,71,"Spring",4.4,"Men","Yellow","XS"
"Linen Summer Dress","Dresses",3957,39,"Winter",4.0,"Women","Black","XL"
"Leather Chelsea Boots","Footwear",2274,59,"Autumn",4.5,"Men","Pink","S"
"Chino Trousers","Bottoms",2474,53,"Autumn",4.8,"Men","Green","XS"
"Silk Party Gown","Dresses",4379,49,"Winter",5.0,"Women","Green","M"
"Floral Print Saree","Ethnic Wear",3449,71,"Spring",4.7,"Women","Green","M"
"Running Shorts","Sportswear",1007,53,"Autumn",4.7,"Unisex","Beige","Free"
"Pleated Skirt","Bottoms",1515,100,"Spring",4.8,"Women","Olive","Free"
"Floral Print Saree","Ethnic Wear",5158,40,"Winter",4.7,"Women","Red","XS"
"Running Shorts","Sportswear",532,48,"Autumn",4.0,"Unisex","Black","S"
"Running Shorts","Sportswear",943,55,"Summer",3.6,"Unisex","Pink","M"
"Wrap Midi Dress","Dresses",4769,71,"Summer",4.6,"Women","Blue","Free"
"Floral Print Saree","Ethnic Wear",954,84,"Spring",4.9,"Women","Navy","XXL"
"Slim Fit Denim Jeans","Bottoms",2432,52,"Spring",4.2,"Unisex","Green","M"
"Leather Chelsea Boots","Footwear",2545,49,"Summer",4.4,"Men","Navy","L"
"Silk Party Gown","Dresses",2884,81,"Autumn",4.7,"Women","Grey","Free"
"Lace-up Formal Shoes","Footwear",5488,53,"Summer",4.3,"Men","Green","M"
"Classic Canvas Sneakers","Footwear",5705,65,"Winter",4.5,"Unisex","Green","XXL"
"Silk Party Gown","Dresses",3070,85,"Winter",4.5,"Women","Black","M"
"Leather Chelsea Boots","Footwear",2235,64,"Spring",4.9,"Men","Green","Free"
"Embroidery Salwar Kameez","Ethnic Wear",4599,73,"Spring",3.8,"Women","Grey","XXL"
"Casual Denim Jacket","Outerwear",4307,81,"Spring",4.8,"Unisex","Pink","S"
"Compression Gym Tee","Sportswear",1749,51,"Spring",4.3,"Men","Beige","XS"
"Casual Denim Jacket","Outerwear",3716,65,"Spring",4.7,"Unisex","Pink","XS"
"Pleated Skirt","Bottoms",2498,100,"Spring",5.0,"Women","Navy","Free"
"Oversized Fleece Hoodie","Outerwear",2105,66,"Winter",4.0,"Unisex","Olive","XL"
"V-Neck Camisole","Tops",361,65,"Autumn",4.1,"Women","Grey","XL"
"Pleated Skirt","Bottoms",1618,49,"Spring",4.6,"Women","White","L"
"Anarkali Kurti","Ethnic Wear",3486,62,"Autumn",4.2,"Women","Blue","Free"
"Trench Coat","Outerwear",3804,49,"Winter",4.6,"Unisex","Pink","XL"
"Slim Fit Denim Jeans","Bottoms",2086,81,"Winter",4.3,"Unisex","Grey","M"
"Floral Sundress","Dresses",2201,31,"Winter",3.9,"Women","Green","XL"
"Silk Kurta Pajama","Ethnic Wear",5896,74,"Summer",4.5,"Men","Black","S"
"Floral Sundress","Dresses",2453,80,"Summer",4.1,"Women","Red","S"
"Slim Fit Denim Jeans","Bottoms",1471,50,"Spring",3.8,"Unisex","Blue","XL"
"Silk Kurta Pajama","Ethnic Wear",5052,53,"Summer",5.0,"Men","Beige","M"
"Floral Print Saree","Ethnic Wear",2462,100,"Spring",3.9,"Women","Black","M"
"Casual Denim Jacket","Outerwear",2351,46,"Spring",4.7,"Unisex","Black","Free"
"Linen Shorts","Bottoms",1587,69,"Summer",4.6,"Unisex","White","XL"
"Running Shorts","Sportswear",717,69,"Autumn",3.8,"Unisex","Pink","Free"
"Floral Sundress","Dresses",4339,56,"Autumn",4.1,"Women","Black","S"
"Compression Gym Tee","Sportswear",1147,37,"Winter",4.8,"Men","Beige","M"
"Trench Coat","Outerwear",3352,40,"Summer",3.6,"Unisex","Olive","L"
"Linen Button-up","Tops",749,45,"Winter",4.4,"Men","Pink","Free"
"Knitted Sweater Vest","Outerwear",2259,81,"Spring",4.8,"Unisex","White","Free"
"Casual Denim Jacket","Outerwear",4067,55,"Winter",4.2,"Unisex","White","Free"
"Floral Print Saree","Ethnic Wear",2346,36,"Autumn",4.1,"Women","Pink","M"
"Linen Summer Dress","Dresses",2217,69,"Summer",4.9,"Women","Olive","S"
"Classic Canvas Sneakers","Footwear",6490,41,"Autumn",3.8,"Unisex","Beige","XS"
"Knitted Sweater Vest","Outerwear",3006,39,"Summer",4.8,"Unisex","Blue","Free"
"Strappy Sandals","Footwear",2107,61,"Spring",4.8,"Women","Green","M"
"Chino Trousers","Bottoms",2285,43,"Summer",4.0,"Men","Red","XXL"
"Floral Sundress","Dresses",3623,36,"Winter",4.6,"Women","Pink","XL"
"Knitted Sweater Vest","Outerwear",1772,100,"Autumn",4.9,"Unisex","Red","XXL"
"Anarkali Kurti","Ethnic Wear",995,100,"Spring",4.7,"Women","Grey","XXL"
"Slim Fit Denim Jeans","Bottoms",1756,62,"Autumn",4.5,"Unisex","Green","M"
"Linen Button-up","Tops",440,81,"Summer",3.9,"Men","Olive","M"
"Slim Fit Polo Shirt","Tops",566,30,"Winter",3.8,"Men","Yellow","XS"
"Silk Kurta Pajama","Ethnic Wear",4511,47,"Autumn",3.7,"Men","Olive","S"
"Leather Chelsea Boots","Footwear",1296,51,"Spring",3.8,"Men","Yellow","L"
"Floral Print Saree","Ethnic Wear",4325,58,"Autumn",4.1,"Women","Grey","L"
"Floral Print Saree","Ethnic Wear",3624,84,"Summer",4.5,"Women","White","XS"
"Slim Fit Polo Shirt","Tops",653,68,"Spring",4.9,"Men","Blue","XL"
"Compression Gym Tee","Sportswear",966,47,"Winter",4.4,"Men","Navy","XS"
"Compression Gym Tee","Sportswear",1072,73,"Spring",3.9,"Men","Yellow","XL"
"Classic Canvas Sneakers","Footwear",5238,88,"Spring",4.7,"Unisex","Olive","L"
"Activewear Joggers","Sportswear",1647,88,"Autumn",4.1,"Unisex","Red","Free"
"Linen Button-up","Tops",467,74,"Summer",4.8,"Men","Green","S"
"Strappy Sandals","Footwear",3165,44,"Autumn",4.2,"Women","Olive","Free"
"Knitted Sweater Vest","Outerwear",3140,49,"Autumn",3.7,"Unisex","White","XS"
"Embroidery Salwar Kameez","Ethnic Wear",3830,56,"Winter",4.5,"Women","Green","L"
"Classic Cotton T-Shirt","Tops",766,41,"Winter",3.8,"Unisex","Black","XS"
"Oversized Fleece Hoodie","Outerwear",4366,42,"Spring",5.0,"Unisex","Blue","XXL"
"Oversized Fleece Hoodie","Outerwear",2312,28,"Summer",4.0,"Unisex","Red","XS"
"Floral Sundress","Dresses",2478,56,"Spring",3.6,"Women","Yellow","M"
"Strappy Sandals","Footwear",5341,50,"Summer",3.9,"Women","Olive","Free"
"Linen Shorts","Bottoms",1621,92,"Summer",4.1,"Unisex","Olive","Free"
"Classic Cotton T-Shirt","Tops",747,39,"Autumn",4.7,"Unisex","White","S"
"Embroidery Salwar Kameez","Ethnic Wear",2185,39,"Spring",4.0,"Women","Beige","XL"
"Running Shorts","Sportswear",1358,52,"Spring",4.1,"Unisex","Green","XS"
"Chino Trousers","Bottoms",2184,46,"Summer",4.0,"Men","Red","M"
"Activewear Joggers","Sportswear",1673,78,"Spring",4.7,"Unisex","Red","S"
"Knitted Sweater Vest","Outerwear",3981,55,"Summer",3.9,"Unisex","Blue","L"
"Casual Denim Jacket","Outerwear",2376,22,"Summer",4.2,"Unisex","Olive","XS"
"Silk Kurta Pajama","Ethnic Wear",1286,49,"Autumn",4.2,"Men","White","Free"
"Trench Coat","Outerwear",4351,37,"Autumn",3.8,"Unisex","Red","L"
"Leather Chelsea Boots","Footwear",3284,32,"Summer",4.4,"Men","Green","S"
"Activewear Joggers","Sportswear",1307,84,"Spring",4.3,"Unisex","Beige","Free"
"Running Shorts","Sportswear",640,47,"Autumn",4.6,"Unisex","Pink","XL"
"V-Neck Camisole","Tops",720,47,"Winter",4.0,"Women","Black","Free"
"Wrap Midi Dress","Dresses",3211,44,"Winter",4.4,"Women","Blue","XL"
"Knitted Sweater Vest","Outerwear",2823,64,"Winter",4.8,"Unisex","Grey","XXL"
"Silk Party Gown","Dresses",3833,66,"Spring",4.2,"Women","Black","M"
"Silk Party Gown","Dresses",4879,87,"Winter",4.2,"Women","White","XL"
"Anarkali Kurti","Ethnic Wear",5724,61,"Summer",4.3,"Women","Navy","XXL"
"Floral Print Saree","Ethnic Wear",922,57,"Winter",4.3,"Women","Black","XL"
"Compression Gym Tee","Sportswear",609,23,"Winter",3.7,"Men","Red","XL"
"Wrap Midi Dress","Dresses",3246,77,"Summer",4.3,"Women","Green","XXL"
"Linen Shorts","Bottoms",1561,23,"Winter",4.2,"Unisex","Beige","S"
"Running Shorts","Sportswear",1117,51,"Spring",3.7,"Unisex","Beige","XS"
"Trench Coat","Outerwear",2862,60,"Autumn",5.0,"Unisex","Grey","XXL"
"Anarkali Kurti","Ethnic Wear",3944,56,"Summer",3.8,"Women","Blue","XL"
"Silk Kurta Pajama","Ethnic Wear",3879,79,"Summer",3.8,"Men","Black","XXL"
"Linen Summer Dress","Dresses",3992,100,"Summer",4.3,"Women","Navy","Free"
"Knitted Sweater Vest","Outerwear",2200,41,"Spring",3.9,"Unisex","Black","M"
"Crop Hooded Top","Tops",516,83,"Winter",4.2,"Women","Olive","L"
"Trench Coat","Outerwear",1828,50,"Winter",4.4,"Unisex","Blue","S"
"Cargo Utility Pants","Bottoms",2289,84,"Spring",4.3,"Men","White","XXL"
"Running Shorts","Sportswear",877,29,"Winter",4.5,"Unisex","Black","XL"
"Classic Cotton T-Shirt","Tops",402,75,"Spring",4.0,"Unisex","Beige","Free"
"Chino Trousers","Bottoms",1556,70,"Autumn",4.0,"Men","Yellow","XL"
"Strappy Sandals","Footwear",2218,63,"Summer",4.5,"Women","Blue","Free"
"Casual Denim Jacket","Outerwear",2001,54,"Autumn",4.5,"Unisex","Olive","L"
"Activewear Joggers","Sportswear",1740,66,"Winter",3.9,"Unisex","Olive","XXL"
"Strappy Sandals","Footwear",5529,81,"Spring",4.5,"Women","White","S"
"Classic Canvas Sneakers","Footwear",1612,42,"Summer",4.6,"Unisex","Green","XL"
"Compression Gym Tee","Sportswear",1756,84,"Spring",4.5,"Men","Grey","XXL"
"Slim Fit Polo Shirt","Tops",516,58,"Spring",4.1,"Men","Yellow","L"
"Wrap Midi Dress","Dresses",3605,49,"Summer",4.8,"Women","Navy","XL"
"Slim Fit Denim Jeans","Bottoms",2213,21,"Summer",4.9,"Unisex","Grey","XXL"
"Knitted Sweater Vest","Outerwear",4201,70,"Spring",4.5,"Unisex","Blue","XXL"
"Trench Coat","Outerwear",3340,45,"Autumn",4.0,"Unisex","White","S"
"Pleated Skirt","Bottoms",1114,66,"Winter",4.4,"Women","Green","S"
"Floral Print Saree","Ethnic Wear",5267,53,"Spring",4.8,"Women","Navy","XL"
"Activewear Joggers","Sportswear",1160,52,"Winter",3.6,"Unisex","Grey","XS"
"Running Shorts","Sportswear",993,42,"Autumn",4.7,"Unisex","Navy","XXL"
"Compression Gym Tee","Sportswear",1099,63,"Spring",4.9,"Men","Pink","XS"
"Crop Hooded Top","Tops",343,55,"Summer",4.0,"Women","Beige","XS"
"Activewear Joggers","Sportswear",803,47,"Summer",4.2,"Unisex","Red","XXL"
"Slim Fit Denim Jeans","Bottoms",1426,82,"Spring",4.7,"Unisex","Olive","M"
"Oversized Fleece Hoodie","Outerwear",3884,48,"Autumn",4.7,"Unisex","Grey","S"
"Oversized Fleece Hoodie","Outerwear",2976,99,"Winter",4.6,"Unisex","White","M"
"Classic Canvas Sneakers","Footwear",4271,81,"Autumn",4.7,"Unisex","Yellow","Free"
"Silk Kurta Pajama","Ethnic Wear",1731,71,"Winter",4.9,"Men","Black","XS"
"Cargo Utility Pants","Bottoms",2086,43,"Winter",4.8,"Men","Grey","L"
"Silk Kurta Pajama","Ethnic Wear",3334,41,"Winter",4.8,"Men","White","Free"
"Casual Denim Jacket","Outerwear",4388,40,"Spring",3.7,"Unisex","Blue","XXL"
"Linen Summer Dress","Dresses",2742,60,"Autumn",3.8,"Women","Beige","XS"
"Compression Gym Tee","Sportswear",966,69,"Autumn",5.0,"Men","Blue","XS"
"Activewear Joggers","Sportswear",1043,66,"Summer",5.0,"Unisex","Grey","Free"
"Silk Kurta Pajama","Ethnic Wear",4201,74,"Winter",4.0,"Men","Beige","XL"
"Linen Shorts","Bottoms",806,75,"Autumn",4.0,"Unisex","Olive","L"
"Trench Coat","Outerwear",4172,47,"Spring",4.9,"Unisex","Pink","XS"
"Floral Sundress","Dresses",2650,92,"Summer",4.1,"Women","Green","M"
"Pleated Skirt","Bottoms",917,74,"Winter",4.9,"Women","Olive","L"
"Floral Sundress","Dresses",3140,84,"Summer",4.3,"Women","Yellow","XL"
"Activewear Joggers","Sportswear",1015,71,"Winter",3.6,"Unisex","Olive","XXL"
"Trench Coat","Outerwear",3115,100,"Winter",4.1,"Unisex","Red","Free"
"Chino Trousers","Bottoms",2067,78,"Summer",3.9,"Men","Pink","XS"
"Crop Hooded Top","Tops",778,44,"Spring",4.9,"Women","White","M"
"Strappy Sandals","Footwear",3319,39,"Autumn",4.7,"Women","Green","Free"
"Lace-up Formal Shoes","Footwear",4310,45,"Summer",3.7,"Men","Red","XXL"
"Anarkali Kurti","Ethnic Wear",5847,39,"Autumn",3.9,"Women","Grey","L"
"Anarkali Kurti","Ethnic Wear",5115,48,"Summer",3.6,"Women","Beige","L"
"Casual Denim Jacket","Outerwear",3067,79,"Autumn",4.6,"Unisex","Olive","XXL"
"Running Shorts","Sportswear",1769,74,"Spring",4.5,"Unisex","Beige","L"
"Floral Print Saree","Ethnic Wear",1697,39,"Summer",4.0,"Women","Green","L"
"Activewear Joggers","Sportswear",930,97,"Autumn",3.9,"Unisex","Green","S"
"Embroidery Salwar Kameez","Ethnic Wear",1885,100,"Autumn",3.7,"Women","Blue","XL"
"Floral Print Saree","Ethnic Wear",2698,100,"Spring",4.2,"Women","Navy","Free"
"Classic Canvas Sneakers","Footwear",5833,67,"Spring",4.9,"Unisex","Olive","M"
"Leather Chelsea Boots","Footwear",1264,31,"Summer",4.3,"Men","Yellow","M"
"Linen Button-up","Tops",669,99,"Spring",3.9,"Men","Red","XS"
"Running Shorts","Sportswear",1354,69,"Summer",4.8,"Unisex","Grey","M"
"V-Neck Camisole","Tops",773,81,"Spring",4.8,"Women","Grey","M"
"Slim Fit Polo Shirt","Tops",1173,49,"Spring",4.4,"Men","Blue","XL"
"Cargo Utility Pants","Bottoms",2276,100,"Spring",4.6,"Men","Green","XXL"
"Wrap Midi Dress","Dresses",1236,56,"Summer",4.4,"Women","Black","XS"
"Oversized Fleece Hoodie","Outerwear",1809,60,"Winter",4.3,"Unisex","Green","L"
"Compression Gym Tee","Sportswear",1484,99,"Summer",4.2,"Men","Red","Free"
"Floral Print Saree","Ethnic Wear",4715,55,"Winter",4.8,"Women","Green","XXL"
"Linen Button-up","Tops",495,42,"Summer",3.9,"Men","Green","L"
"Pleated Skirt","Bottoms",1321,75,"Autumn",3.9,"Women","White","Free"
"V-Neck Camisole","Tops",313,38,"Spring",4.6,"Women","Yellow","S"
"Embroidery Salwar Kameez","Ethnic Wear",3301,79,"Spring",4.5,"Women","Green","Free"
"Anarkali Kurti","Ethnic Wear",4309,37,"Winter",4.2,"Women","Navy","XL"
"Oversized Fleece Hoodie","Outerwear",2179,64,"Autumn",4.0,"Unisex","Red","Free"
"Chino Trousers","Bottoms",1658,56,"Summer",4.9,"Men","Blue","S"
"Anarkali Kurti","Ethnic Wear",1528,67,"Autumn",4.3,"Women","Blue","S"
"Silk Party Gown","Dresses",3016,36,"Summer",4.7,"Women","Yellow","XXL"
"Floral Sundress","Dresses",1704,73,"Spring",4.5,"Women","Blue","XL"
"Anarkali Kurti","Ethnic Wear",4813,100,"Spring",3.7,"Women","Beige","Free"
"Slim Fit Polo Shirt","Tops",461,57,"Summer",4.5,"Men","Blue","Free"
"Running Shorts","Sportswear",619,37,"Spring",4.7,"Unisex","Black","S"
"Slim Fit Polo Shirt","Tops",799,36,"Winter",4.3,"Men","Green","L"
"Activewear Joggers","Sportswear",583,59,"Autumn",4.5,"Unisex","Red","Free"
"Floral Sundress","Dresses",2768,65,"Spring",3.7,"Women","Beige","Free"
"Wrap Midi Dress","Dresses",4966,70,"Summer",3.9,"Women","Black","XS"
"Lace-up Formal Shoes","Footwear",3178,45,"Spring",4.7,"Men","Beige","XL"
"Slim Fit Denim Jeans","Bottoms",938,34,"Summer",4.7,"Unisex","Olive","XS"
"Oversized Fleece Hoodie","Outerwear",2115,29,"Summer",3.7,"Unisex","Grey","XXL"
"Linen Shorts","Bottoms",1330,79,"Autumn",4.2,"Unisex","Green","XXL"
"Cargo Utility Pants","Bottoms",1878,40,"Summer",3.8,"Men","Green","M"
"Chino Trousers","Bottoms",886,58,"Summer",4.4,"Men","Olive","Free"
"Silk Kurta Pajama","Ethnic Wear",3278,76,"Autumn",4.3,"Men","Navy","XXL"
"Knitted Sweater Vest","Outerwear",2999,66,"Spring",4.3,"Unisex","Blue","L"
"Linen Shorts","Bottoms",1947,77,"Autumn",4.8,"Unisex","Red","L"
"Trench Coat","Outerwear",4478,43,"Summer",4.3,"Unisex","Beige","XXL"
"Anarkali Kurti","Ethnic Wear",4071,58,"Autumn",4.6,"Women","Red","XS"
"Anarkali Kurti","Ethnic Wear",2712,80,"Autumn",3.9,"Women","Green","L"
"V-Neck Camisole","Tops",558,84,"Autumn",4.4,"Women","Olive","M"
"Trench Coat","Outerwear",1571,49,"Spring",4.3,"Unisex","Green","XS"
"Silk Party Gown","Dresses",2181,53,"Winter",4.8,"Women","Blue","XL"
"Lace-up Formal Shoes","Footwear",4747,98,"Autumn",4.9,"Men","Beige","XS"
"Floral Sundress","Dresses",1284,59,"Autumn",4.0,"Women","Pink","M"
"Crop Hooded Top","Tops",606,83,"Winter",4.3,"Women","Black","XXL"
"Compression Gym Tee","Sportswear",1037,38,"Winter",3.7,"Men","Beige","M"
"Compression Gym Tee","Sportswear",1008,100,"Summer",4.0,"Men","White","XS"
"Running Shorts","Sportswear",1108,85,"Summer",4.7,"Unisex","Black","L"
"Silk Party Gown","Dresses",1380,37,"Summer",4.6,"Women","Red","L"
"Linen Shorts","Bottoms",2092,71,"Summer",4.4,"Unisex","Grey","M"
"Crop Hooded Top","Tops",897,70,"Winter",4.2,"Women","Green","XXL"
"Cargo Utility Pants","Bottoms",822,84,"Autumn",4.3,"Men","Yellow","Free"
"Linen Shorts","Bottoms",2485,41,"Autumn",4.0,"Unisex","Yellow","Free"
"Silk Party Gown","Dresses",1650,66,"Winter",3.9,"Women","Black","Free"
"Crop Hooded Top","Tops",685,95,"Autumn",3.8,"Women","Pink","L"
"Embroidery Salwar Kameez","Ethnic Wear",5132,74,"Winter",4.7,"Women","Red","XL"
"Running Shorts","Sportswear",1273,57,"Spring",4.8,"Unisex","Pink","XS"
"Activewear Joggers","Sportswear",1790,36,"Spring",3.7,"Unisex","Blue","XS"
"V-Neck Camisole","Tops",994,80,"Spring",4.9,"Women","Green","M"
"Wrap Midi Dress","Dresses",2555,40,"Summer",4.2,"Women","Olive","XL"
"Silk Kurta Pajama","Ethnic Wear",1544,47,"Winter",3.7,"Men","Beige","XXL"
"Silk Kurta Pajama","Ethnic Wear",5822,69,"Summer",4.2,"Men","Pink","Free"
"Linen Button-up","Tops",634,38,"Winter",4.1,"Men","Navy","L"
"Cargo Utility Pants","Bottoms",2305,53,"Autumn",3.8,"Men","Olive","XS"
"Cargo Utility Pants","Bottoms",1350,57,"Summer",4.5,"Men","Blue","XS"
"Anarkali Kurti","Ethnic Wear",3297,100,"Spring",4.7,"Women","Pink","XS"
"V-Neck Camisole","Tops",958,82,"Spring",5.0,"Women","Red","M"
"Wrap Midi Dress","Dresses",1503,46,"Autumn",4.3,"Women","Olive","XS"
"Silk Kurta Pajama","Ethnic Wear",5198,38,"Autumn",4.9,"Men","Red","XXL"
"Casual Denim Jacket","Outerwear",2092,32,"Summer",4.2,"Unisex","Red","XXL"
"Lace-up Formal Shoes","Footwear",3777,62,"Summer",4.9,"Men","Green","XXL"
"Linen Summer Dress","Dresses",4631,33,"Winter",4.2,"Women","Pink","XS"
"Knitted Sweater Vest","Outerwear",1630,54,"Winter",3.8,"Unisex","Blue","L"
"Linen Shorts","Bottoms",1302,40,"Winter",4.7,"Unisex","Beige","XS"
"Classic Canvas Sneakers","Footwear",6205,80,"Summer",5.0,"Unisex","Black","M"
"Oversized Fleece Hoodie","Outerwear",3060,37,"Summer",4.2,"Unisex","Yellow","L"
"Lace-up Formal Shoes","Footwear",3422,73,"Autumn",4.3,"Men","White","XL"
"Cargo Utility Pants","Bottoms",1388,52,"Autumn",4.2,"Men","Pink","XS"
"Leather Chelsea Boots","Footwear",4594,45,"Spring",4.1,"Men","Green","M"
"Compression Gym Tee","Sportswear",730,43,"Winter",4.3,"Men","Black","S"
"Pleated Skirt","Bottoms",1534,50,"Winter",4.0,"Women","Green","XS"
"Linen Summer Dress","Dresses",1241,62,"Spring",4.3,"Women","White","XXL"
"Leather Chelsea Boots","Footwear",2524,98,"Winter",4.9,"Men","Blue","XL"
"Running Shorts","Sportswear",1723,99,"Summer",4.3,"Unisex","Green","Free"
"Floral Sundress","Dresses",1520,59,"Spring",4.9,"Women","Black","L"
"Linen Shorts","Bottoms",2147,74,"Summer",4.5,"Unisex","Blue","XL"
"Wrap Midi Dress","Dresses",3856,63,"Autumn",3.6,"Women","Black","S"
"Floral Print Saree","Ethnic Wear",4102,58,"Summer",5.0,"Women","Blue","XS"
"Compression Gym Tee","Sportswear",611,35,"Winter",4.1,"Men","Pink","XS"
"Linen Shorts","Bottoms",1568,32,"Winter",4.8,"Unisex","Pink","Free"
"Knitted Sweater Vest","Outerwear",4165,36,"Spring",3.7,"Unisex","Grey","S"
"Trench Coat","Outerwear",3504,55,"Spring",4.0,"Unisex","Navy","XL"
"Linen Summer Dress","Dresses",4845,35,"Winter",4.3,"Women","Beige","XS"
"Crop Hooded Top","Tops",735,60,"Summer",4.5,"Women","Blue","Free"
"Linen Shorts","Bottoms",1345,55,"Autumn",4.7,"Unisex","Red","Free"
"Trench Coat","Outerwear",2331,44,"Summer",4.1,"Unisex","Olive","XXL"
"Silk Party Gown","Dresses",3478,42,"Autumn",5.0,"Women","Red","M"
"Knitted Sweater Vest","Outerwear",4044,69,"Winter",4.4,"Unisex","Beige","XL"
"Chino Trousers","Bottoms",1170,74,"Autumn",4.4,"Men","Blue","M"
"Silk Kurta Pajama","Ethnic Wear",2659,45,"Autumn",4.3,"Men","Navy","Free"
"Strappy Sandals","Footwear",4767,100,"Summer",4.7,"Women","Blue","XL"
"Trench Coat","Outerwear",1591,100,"Winter",4.2,"Unisex","Yellow","XS"
"Chino Trousers","Bottoms",1458,77,"Winter",4.9,"Men","Pink","XS"
"Running Shorts","Sportswear",1716,72,"Spring",4.0,"Unisex","Red","M"
"Silk Party Gown","Dresses",4390,66,"Autumn",4.8,"Women","Olive","XXL"
"Running Shorts","Sportswear",643,39,"Spring",4.4,"Unisex","Red","S"
"Knitted Sweater Vest","Outerwear",3987,81,"Spring",5.0,"Unisex","White","XS"
"Trench Coat","Outerwear",2205,29,"Summer",4.3,"Unisex","Black","M"
"Casual Denim Jacket","Outerwear",1767,69,"Autumn",3.7,"Unisex","Blue","S"
"Silk Kurta Pajama","Ethnic Wear",5122,74,"Winter",4.7,"Men","Yellow","XXL"
"Lace-up Formal Shoes","Footwear",5072,81,"Summer",4.4,"Men","Black","L"
"Wrap Midi Dress","Dresses",4589,73,"Winter",4.2,"Women","Pink","Free"
"Linen Shorts","Bottoms",1242,37,"Autumn",4.0,"Unisex","Yellow","XL"
"Linen Summer Dress","Dresses",1768,83,"Spring",4.2,"Women","Grey","XXL"
"Floral Print Saree","Ethnic Wear",3458,49,"Winter",4.6,"Women","Olive","S"
"Slim Fit Polo Shirt","Tops",1084,41,"Winter",4.4,"Men","Navy","L"
"Running Shorts","Sportswear",1310,64,"Autumn",4.4,"Unisex","Red","Free"
"Knitted Sweater Vest","Outerwear",3444,44,"Summer",3.8,"Unisex","Yellow","XS"
"Silk Kurta Pajama","Ethnic Wear",1004,41,"Autumn",4.0,"Men","White","XXL"
"Classic Canvas Sneakers","Footwear",3968,74,"Winter",5.0,"Unisex","Blue","Free"
"Trench Coat","Outerwear",1790,72,"Spring",4.3,"Unisex","Navy","M"
"Knitted Sweater Vest","Outerwear",2085,68,"Spring",4.5,"Unisex","Grey","S"
"Anarkali Kurti","Ethnic Wear",5375,43,"Summer",3.7,"Women","Black","Free"
"Compression Gym Tee","Sportswear",532,35,"Winter",5.0,"Men","Yellow","XS"
"Wrap Midi Dress","Dresses",1375,55,"Spring",4.5,"Women","Green","M"
"Classic Cotton T-Shirt","Tops",1080,65,"Autumn",4.6,"Unisex","Black","XS"
"Linen Summer Dress","Dresses",1407,58,"Spring",4.6,"Women","Black","Free"
"Classic Canvas Sneakers","Footwear",4529,77,"Spring",4.0,"Unisex","Navy","XXL"
"Linen Summer Dress","Dresses",1645,100,"Summer",4.0,"Women","Yellow","L"
"Classic Canvas Sneakers","Footwear",1558,48,"Summer",4.9,"Unisex","Navy","Free"
"Casual Denim Jacket","Outerwear",3628,67,"Spring",4.1,"Unisex","Green","S"
"Knitted Sweater Vest","Outerwear",2832,84,"Autumn",4.0,"Unisex","Blue","S"
"Strappy Sandals","Footwear",2294,100,"Summer",4.5,"Women","Blue","M"
"Running Shorts","Sportswear",1489,70,"Autumn",4.4,"Unisex","Blue","M"
"Floral Sundress","Dresses",4190,60,"Spring",4.4,"Women","Black","XL"
"Slim Fit Denim Jeans","Bottoms",1421,37,"Summer",4.0,"Unisex","Grey","M"
"Casual Denim Jacket","Outerwear",2958,39,"Summer",3.8,"Unisex","Blue","S"
"Silk Party Gown","Dresses",4575,58,"Autumn",4.5,"Women","Green","L"
"Compression Gym Tee","Sportswear",1737,41,"Spring",4.6,"Men","Blue","Free"
"Floral Print Saree","Ethnic Wear",5233,71,"Summer",3.7,"Women","White","XS"
"Floral Sundress","Dresses",3307,42,"Autumn",3.8,"Women","Beige","XXL"
"Compression Gym Tee","Sportswear",1138,78,"Autumn",4.0,"Men","Grey","XXL"
"Knitted Sweater Vest","Outerwear",3254,81,"Spring",3.8,"Unisex","Olive","XXL"
"Slim Fit Polo Shirt","Tops",465,64,"Spring",5.0,"Men","Navy","L"
"Slim Fit Polo Shirt","Tops",492,75,"Autumn",3.8,"Men","Pink","XL"
"Linen Shorts","Bottoms",1804,66,"Spring",4.6,"Unisex","Navy","M"
"Oversized Fleece Hoodie","Outerwear",3894,100,"Winter",3.7,"Unisex","Pink","Free"
"Oversized Fleece Hoodie","Outerwear",1943,45,"Spring",4.2,"Unisex","Blue","L"
"Linen Summer Dress","Dresses",4658,88,"Summer",4.1,"Women","Grey","S"
"Floral Sundress","Dresses",2459,81,"Spring",3.8,"Women","Olive","S"
"Slim Fit Polo Shirt","Tops",596,42,"Autumn",3.8,"Men","Red","XL"
"Compression Gym Tee","Sportswear",1148,83,"Summer",3.8,"Men","Yellow","XXL"
"Slim Fit Polo Shirt","Tops",914,33,"Winter",4.9,"Men","White","XL"
"Knitted Sweater Vest","Outerwear",1775,69,"Summer",4.4,"Unisex","Blue","S"
"Knitted Sweater Vest","Outerwear",2000,36,"Winter",4.1,"Unisex","Yellow","Free"
"Classic Canvas Sneakers","Footwear",6993,67,"Autumn",3.8,"Unisex","White","XS"
"Linen Shorts","Bottoms",948,51,"Autumn",4.8,"Unisex","Grey","L"
"V-Neck Camisole","Tops",905,100,"Summer",4.4,"Women","Olive","L"
"Embroidery Salwar Kameez","Ethnic Wear",934,84,"Summer",3.9,"Women","Grey","XL"
"V-Neck Camisole","Tops",342,59,"Summer",4.1,"Women","Red","XL"
"Linen Summer Dress","Dresses",2736,27,"Winter",4.5,"Women","Olive","XXL"
"Compression Gym Tee","Sportswear",1290,84,"Spring",4.6,"Men","Olive","XS"
"Linen Shorts","Bottoms",2228,56,"Autumn",3.6,"Unisex","Beige","XS"
"Leather Chelsea Boots","Footwear",4901,100,"Winter",3.8,"Men","Grey","Free"
"Classic Canvas Sneakers","Footwear",4091,41,"Winter",4.0,"Unisex","Navy","M"
"Lace-up Formal Shoes","Footwear",2501,60,"Spring",3.7,"Men","Yellow","L"
"Linen Shorts","Bottoms",1655,52,"Spring",3.9,"Unisex","Blue","S"
"Chino Trousers","Bottoms",1178,62,"Winter",4.3,"Men","Navy","S"
"Compression Gym Tee","Sportswear",1487,49,"Spring",3.9,"Men","Olive","L"
"Compression Gym Tee","Sportswear",774,59,"Autumn",4.9,"Men","Grey","L"
"Slim Fit Denim Jeans","Bottoms",1105,36,"Spring",3.6,"Unisex","Black","L"
"Floral Sundress","Dresses",3001,50,"Spring",4.8,"Women","Yellow","XS"
"Strappy Sandals","Footwear",5409,45,"Spring",4.2,"Women","Green","XS"
"Oversized Fleece Hoodie","Outerwear",1691,70,"Autumn",4.0,"Unisex","Pink","M"
"Oversized Fleece Hoodie","Outerwear",4454,52,"Autumn",4.5,"Unisex","Blue","S"
"Anarkali Kurti","Ethnic Wear",2543,59,"Spring",4.3,"Women","White","XS"
"Anarkali Kurti","Ethnic Wear",2128,53,"Winter",4.9,"Women","Olive","L"
"Strappy Sandals","Footwear",4386,50,"Winter",4.5,"Women","White","M"
"Compression Gym Tee","Sportswear",686,35,"Spring",5.0,"Men","White","L"
"Compression Gym Tee","Sportswear",552,23,"Winter",5.0,"Men","Navy","XS"
"Running Shorts","Sportswear",714,76,"Spring",3.6,"Unisex","Olive","XL"
"Running Shorts","Sportswear",703,50,"Winter",3.8,"Unisex","Black","Free"
"Linen Summer Dress","Dresses",1532,36,"Winter",4.0,"Women","Beige","XS"
"Casual Denim Jacket","Outerwear",2369,60,"Winter",4.3,"Unisex","Red","XS"
"Compression Gym Tee","Sportswear",1448,71,"Autumn",4.5,"Men","Pink","S"
"Silk Kurta Pajama","Ethnic Wear",1577,45,"Winter",4.7,"Men","Olive","Free"
"Activewear Joggers","Sportswear",968,38,"Winter",4.2,"Unisex","Grey","L"
"Slim Fit Denim Jeans","Bottoms",2135,52,"Spring",4.5,"Unisex","White","XXL"
"Activewear Joggers","Sportswear",959,85,"Autumn",4.0,"Unisex","Yellow","XS"
"Linen Shorts","Bottoms",2447,38,"Autumn",3.8,"Unisex","Beige","Free"
"Oversized Fleece Hoodie","Outerwear",2602,100,"Winter",4.5,"Unisex","Pink","XS"
"Wrap Midi Dress","Dresses",1825,41,"Autumn",4.3,"Women","Olive","XS"
"Slim Fit Denim Jeans","Bottoms",1480,43,"Summer",4.9,"Unisex","Blue","XL"
"Classic Cotton T-Shirt","Tops",386,36,"Spring",4.2,"Unisex","White","S"
"Linen Summer Dress","Dresses",2892,55,"Summer",4.6,"Women","Pink","Free"
"Slim Fit Denim Jeans","Bottoms",964,83,"Winter",4.2,"Unisex","Beige","Free"
"Crop Hooded Top","Tops",926,56,"Spring",4.8,"Women","Yellow","XS"
"Silk Party Gown","Dresses",2365,52,"Spring",4.5,"Women","Olive","XS"
"Silk Party Gown","Dresses",2484,80,"Winter",5.0,"Women","Blue","M"
"Floral Sundress","Dresses",1340,100,"Summer",3.9,"Women","Blue","L"
"Leather Chelsea Boots","Footwear",1309,77,"Winter",3.8,"Men","Green","S"
"Silk Party Gown","Dresses",4980,71,"Winter",3.8,"Women","Grey","S"
"Crop Hooded Top","Tops",534,73,"Autumn",4.0,"Women","Red","XL"
"Slim Fit Polo Shirt","Tops",1055,94,"Summer",3.7,"Men","White","XXL"
"Linen Summer Dress","Dresses",2063,40,"Winter",4.2,"Women","Beige","XL"
"Chino Trousers","Bottoms",1282,36,"Spring",4.9,"Men","Blue","XL"
"Leather Chelsea Boots","Footwear",4469,81,"Autumn",4.1,"Men","Navy","Free"
"Anarkali Kurti","Ethnic Wear",4170,50,"Spring",4.6,"Women","Grey","XL"
"Strappy Sandals","Footwear",5800,49,"Winter",3.8,"Women","Pink","XXL"
"Classic Cotton T-Shirt","Tops",993,51,"Autumn",4.1,"Unisex","Beige","XS"
"Strappy Sandals","Footwear",4274,47,"Winter",4.2,"Women","Beige","Free"
"Crop Hooded Top","Tops",526,100,"Autumn",5.0,"Women","White","Free"
"Lace-up Formal Shoes","Footwear",3927,45,"Summer",4.2,"Men","Yellow","S"
"Lace-up Formal Shoes","Footwear",4804,64,"Spring",4.1,"Men","Green","L"
"Slim Fit Polo Shirt","Tops",479,84,"Summer",3.9,"Men","Pink","XXL"
"Oversized Fleece Hoodie","Outerwear",2260,99,"Winter",4.8,"Unisex","Navy","XL"
"Compression Gym Tee","Sportswear",565,70,"Spring",4.6,"Men","Grey","Free"
"Wrap Midi Dress","Dresses",1325,43,"Autumn",5.0,"Women","Grey","M"
"Linen Shorts","Bottoms",1963,31,"Winter",4.2,"Unisex","White","XL"
"Wrap Midi Dress","Dresses",1604,60,"Winter",4.5,"Women","Blue","L"
"Leather Chelsea Boots","Footwear",6683,37,"Summer",4.8,"Men","Olive","M"
"Activewear Joggers","Sportswear",803,100,"Autumn",4.4,"Unisex","Green","M"
"Linen Shorts","Bottoms",1575,47,"Spring",4.5,"Unisex","Grey","Free"
"V-Neck Camisole","Tops",953,45,"Autumn",4.6,"Women","Pink","XS"
"Leather Chelsea Boots","Footwear",6754,25,"Summer",4.3,"Men","Green","L"
"Chino Trousers","Bottoms",918,47,"Summer",3.7,"Men","Green","L"
"Silk Kurta Pajama","Ethnic Wear",5533,94,"Spring",3.9,"Men","Olive","L"
"Wrap Midi Dress","Dresses",1790,100,"Spring",4.5,"Women","Red","XL"
"Classic Canvas Sneakers","Footwear",1608,71,"Winter",4.7,"Unisex","Yellow","L"
"Floral Print Saree","Ethnic Wear",5542,48,"Autumn",4.0,"Women","Yellow","S"
"Running Shorts","Sportswear",1386,66,"Summer",4.6,"Unisex","Beige","S"
"Leather Chelsea Boots","Footwear",6821,88,"Winter",5.0,"Men","Blue","Free"
"Leather Chelsea Boots","Footwear",3999,100,"Winter",4.5,"Men","Navy","XXL"
"Embroidery Salwar Kameez","Ethnic Wear",3871,36,"Winter",4.6,"Women","Blue","S"
"Classic Canvas Sneakers","Footwear",4161,49,"Spring",3.8,"Unisex","White","XS"
"Knitted Sweater Vest","Outerwear",4459,71,"Autumn",4.9,"Unisex","Pink","Free"
"Compression Gym Tee","Sportswear",1416,57,"Summer",3.8,"Men","Blue","M"
"Classic Canvas Sneakers","Footwear",1273,67,"Spring",4.7,"Unisex","Blue","S"
"Knitted Sweater Vest","Outerwear",2071,40,"Summer",3.6,"Unisex","Green","Free"
"Crop Hooded Top","Tops",392,50,"Spring",4.9,"Women","Beige","Free"
"Strappy Sandals","Footwear",2625,69,"Spring",4.7,"Women","Blue","XL"
"Knitted Sweater Vest","Outerwear",4382,73,"Winter",4.3,"Unisex","Blue","S"
"Compression Gym Tee","Sportswear",742,39,"Autumn",4.7,"Men","Green","XL"
"Slim Fit Denim Jeans","Bottoms",1901,42,"Spring",4.3,"Unisex","Green","M"
"Slim Fit Polo Shirt","Tops",386,46,"Winter",3.8,"Men","Blue","S"
"Anarkali Kurti","Ethnic Wear",4739,77,"Winter",3.9,"Women","Pink","S"
"V-Neck Camisole","Tops",1158,87,"Summer",4.2,"Women","Yellow","XL"
"Leather Chelsea Boots","Footwear",6938,75,"Spring",4.1,"Men","Olive","Free"
"Pleated Skirt","Bottoms",1088,58,"Summer",4.1,"Women","Olive","XL"
"Leather Chelsea Boots","Footwear",3704,49,"Winter",4.3,"Men","Blue","XL"
"Cargo Utility Pants","Bottoms",1591,42,"Autumn",4.9,"Men","White","Free"
"Compression Gym Tee","Sportswear",1049,41,"Spring",4.7,"Men","Yellow","M"
"Slim Fit Polo Shirt","Tops",1150,100,"Summer",4.4,"Men","Blue","M"
"Pleated Skirt","Bottoms",2197,61,"Autumn",4.4,"Women","Green","Free"
"Crop Hooded Top","Tops",952,42,"Spring",3.8,"Women","Olive","XXL"
"Embroidery Salwar Kameez","Ethnic Wear",1743,70,"Autumn",3.9,"Women","White","M"
"Activewear Joggers","Sportswear",849,62,"Winter",3.8,"Unisex","Olive","XL"
"Knitted Sweater Vest","Outerwear",2800,79,"Spring",4.3,"Unisex","Olive","S"
"Crop Hooded Top","Tops",1145,50,"Spring",3.7,"Women","White","L"
"Silk Party Gown","Dresses",2561,71,"Spring",3.9,"Women","Green","L"
"Activewear Joggers","Sportswear",1205,73,"Autumn",4.8,"Unisex","Green","S"
"Linen Shorts","Bottoms",1261,59,"Autumn",4.1,"Unisex","Beige","XXL"
"Floral Print Saree","Ethnic Wear",5121,72,"Winter",4.1,"Women","Grey","XL"
"Classic Canvas Sneakers","Footwear",3147,83,"Autumn",4.4,"Unisex","Yellow","M"
"Wrap Midi Dress","Dresses",3289,72,"Winter",4.9,"Women","Beige","XXL"
"Leather Chelsea Boots","Footwear",3815,30,"Summer",4.2,"Men","Green","M"
"Pleated Skirt","Bottoms",1572,62,"Autumn",4.8,"Women","Olive","M"
"Cargo Utility Pants","Bottoms",2334,75,"Autumn",4.1,"Men","Yellow","XL"
"Trench Coat","Outerwear",1671,83,"Winter",4.4,"Unisex","Red","S"
"Cargo Utility Pants","Bottoms",1270,95,"Spring",4.8,"Men","White","XL"
"Running Shorts","Sportswear",1144,32,"Winter",4.0,"Unisex","Red","L"
"Leather Chelsea Boots","Footwear",6176,26,"Summer",4.7,"Men","Green","L"
"Floral Sundress","Dresses",4167,39,"Spring",3.9,"Women","Yellow","Free"
"Slim Fit Denim Jeans","Bottoms",1029,91,"Winter",4.1,"Unisex","White","Free"
"Compression Gym Tee","Sportswear",1085,35,"Autumn",4.8,"Men","Yellow","XL"
"Crop Hooded Top","Tops",1013,64,"Spring",5.0,"Women","Navy","Free"
"Classic Canvas Sneakers","Footwear",2823,59,"Winter",4.3,"Unisex","Grey","XS"
"Lace-up Formal Shoes","Footwear",2381,42,"Winter",3.9,"Men","Navy","S"
"Lace-up Formal Shoes","Footwear",2599,72,"Winter",3.9,"Men","Olive","XS"
"Knitted Sweater Vest","Outerwear",3133,77,"Winter",4.8,"Unisex","Beige","XL"
"Cargo Utility Pants","Bottoms",1269,56,"Spring",4.7,"Men","Beige","M"
"Pleated Skirt","Bottoms",1860,80,"Autumn",4.8,"Women","Pink","L"
"Floral Print Saree","Ethnic Wear",5510,80,"Summer",4.3,"Women","Red","XL"
"Activewear Joggers","Sportswear",864,76,"Summer",4.5,"Unisex","White","XL"
"Chino Trousers","Bottoms",2450,53,"Autumn",3.8,"Men","Yellow","S"
"Casual Denim Jacket","Outerwear",4192,63,"Autumn",4.2,"Unisex","Olive","L"
"Classic Cotton T-Shirt","Tops",626,77,"Summer",4.1,"Unisex","Pink","Free"
"Running Shorts","Sportswear",1203,82,"Autumn",3.7,"Unisex","Olive","L"
"Lace-up Formal Shoes","Footwear",3214,76,"Spring",4.6,"Men","Pink","XL"
"Lace-up Formal Shoes","Footwear",3086,59,"Winter",4.1,"Men","Navy","L"
"Slim Fit Denim Jeans","Bottoms",2037,74,"Autumn",4.6,"Unisex","Pink","M"
"Casual Denim Jacket","Outerwear",2148,70,"Winter",4.0,"Unisex","Navy","XXL"
"Silk Party Gown","Dresses",4753,61,"Spring",4.8,"Women","White","XS"
"Cargo Utility Pants","Bottoms",1330,71,"Summer",4.6,"Men","Red","XL"
"Floral Print Saree","Ethnic Wear",1976,58,"Autumn",3.8,"Women","Grey","M"
"Linen Shorts","Bottoms",1600,38,"Winter",3.8,"Unisex","Black","S"
"Strappy Sandals","Footwear",2590,71,"Spring",3.7,"Women","Navy","M"
"Linen Shorts","Bottoms",1104,68,"Autumn",4.6,"Unisex","Green","M"
"Leather Chelsea Boots","Footwear",4775,24,"Summer",3.9,"Men","Yellow","S"
"Crop Hooded Top","Tops",588,74,"Spring",4.5,"Women","Beige","Free"
"Leather Chelsea Boots","Footwear",1539,73,"Autumn",3.8,"Men","Pink","XL"
"Knitted Sweater Vest","Outerwear",2802,79,"Winter",4.6,"Unisex","Red","XS"
"Compression Gym Tee","Sportswear",1198,74,"Spring",4.6,"Men","Green","S"
"Anarkali Kurti","Ethnic Wear",5882,56,"Winter",3.9,"Women","Grey","XXL"
"Anarkali Kurti","Ethnic Wear",2465,44,"Winter",5.0,"Women","White","M"
"Slim Fit Denim Jeans","Bottoms",2458,26,"Summer",4.2,"Unisex","Navy","XXL"
"Activewear Joggers","Sportswear",1579,56,"Autumn",4.3,"Unisex","Beige","XL"
"V-Neck Camisole","Tops",381,46,"Winter",4.3,"Women","Black","L"
"Slim Fit Polo Shirt","Tops",772,37,"Winter",4.9,"Men","Red","S"
"Lace-up Formal Shoes","Footwear",6114,37,"Summer",4.6,"Men","Yellow","XS"
"Cargo Utility Pants","Bottoms",1640,54,"Summer",3.7,"Men","Green","XXL"
"Wrap Midi Dress","Dresses",3091,100,"Spring",4.2,"Women","White","S"
"Wrap Midi Dress","Dresses",3338,100,"Spring",4.6,"Women","Red","XS"
"Slim Fit Polo Shirt","Tops",310,76,"Autumn",4.2,"Men","Olive","S"
"Pleated Skirt","Bottoms",2024,78,"Autumn",4.7,"Women","Green","Free"
"Anarkali Kurti","Ethnic Wear",3761,67,"Winter",3.7,"Women","Olive","XL"
"Silk Party Gown","Dresses",3844,53,"Spring",4.5,"Women","Green","Free"
"V-Neck Camisole","Tops",637,40,"Spring",3.6,"Women","Green","XXL"
"Compression Gym Tee","Sportswear",1439,38,"Winter",5.0,"Men","Pink","XS"
"Leather Chelsea Boots","Footwear",2265,66,"Winter",3.8,"Men","Yellow","M"
"Silk Kurta Pajama","Ethnic Wear",4226,100,"Spring",5.0,"Men","Navy","XL"
"Floral Sundress","Dresses",3004,67,"Summer",4.1,"Women","Grey","XS"
"Compression Gym Tee","Sportswear",593,67,"Spring",3.8,"Men","White","XL"
"Linen Shorts","Bottoms",1355,82,"Spring",4.0,"Unisex","Navy","M"
"Activewear Joggers","Sportswear",819,64,"Winter",4.5,"Unisex","White","L"
"Wrap Midi Dress","Dresses",4248,67,"Winter",4.7,"Women","Blue","XS"
"V-Neck Camisole","Tops",1029,69,"Spring",3.9,"Women","Black","Free"
"Silk Party Gown","Dresses",2695,53,"Spring",4.3,"Women","Grey","M"
"Slim Fit Denim Jeans","Bottoms",923,77,"Spring",5.0,"Unisex","Olive","L"
"Leather Chelsea Boots","Footwear",2435,72,"Autumn",4.9,"Men","Red","Free"
"Slim Fit Polo Shirt","Tops",1144,61,"Spring",5.0,"Men","Blue","L"
"Floral Print Saree","Ethnic Wear",2616,84,"Winter",4.1,"Women","Red","XL"
"Classic Canvas Sneakers","Footwear",1321,67,"Spring",3.6,"Unisex","White","XL"
"V-Neck Camisole","Tops",807,64,"Summer",4.5,"Women","Beige","S"
"Linen Button-up","Tops",369,100,"Spring",4.0,"Men","White","XL"
"Activewear Joggers","Sportswear",849,49,"Spring",4.6,"Unisex","Green","XL"
"Running Shorts","Sportswear",1259,42,"Spring",4.1,"Unisex","Olive","XXL"
"Lace-up Formal Shoes","Footwear",1425,47,"Winter",4.5,"Men","Navy","XXL"
"Classic Canvas Sneakers","Footwear",4746,97,"Spring",3.8,"Unisex","Beige","S"
"Knitted Sweater Vest","Outerwear",2907,77,"Summer",4.5,"Unisex","White","XL"
"Crop Hooded Top","Tops",1101,35,"Summer",4.8,"Women","Blue","L"
"Strappy Sandals","Footwear",3311,63,"Autumn",4.2,"Women","Olive","Free"
"Casual Denim Jacket","Outerwear",3802,29,"Summer",4.8,"Unisex","Beige","Free"
"Crop Hooded Top","Tops",336,62,"Summer",3.8,"Women","Red","M"
"Pleated Skirt","Bottoms",1642,50,"Autumn",3.7,"Women","Black","XL"
"Slim Fit Denim Jeans","Bottoms",2030,44,"Spring",3.7,"Unisex","Green","XXL"
"Pleated Skirt","Bottoms",2384,100,"Spring",4.1,"Women","Green","S"
"Floral Sundress","Dresses",2860,71,"Autumn",4.3,"Women","Blue","M"
"Slim Fit Polo Shirt","Tops",599,100,"Summer",4.2,"Men","Green","XS"
"Strappy Sandals","Footwear",1316,56,"Summer",4.7,"Women","Black","S"
"Trench Coat","Outerwear",3547,29,"Summer",4.8,"Unisex","Yellow","L"
"Embroidery Salwar Kameez","Ethnic Wear",4580,63,"Autumn",3.7,"Women","Olive","L"
"Linen Shorts","Bottoms",2288,23,"Winter",4.1,"Unisex","White","XL"
"Knitted Sweater Vest","Outerwear",2842,62,"Summer",3.9,"Unisex","Blue","XXL"
"Casual Denim Jacket","Outerwear",1775,37,"Autumn",4.2,"Unisex","Navy","S"
"Casual Denim Jacket","Outerwear",4248,43,"Summer",3.6,"Unisex","White","M"
"Silk Kurta Pajama","Ethnic Wear",5790,43,"Winter",4.7,"Men","Grey","M"
"Silk Kurta Pajama","Ethnic Wear",2459,40,"Autumn",4.8,"Men","Yellow","XS"
"Activewear Joggers","Sportswear",1685,58,"Spring",3.6,"Unisex","Grey","M"
"V-Neck Camisole","Tops",723,81,"Spring",4.2,"Women","Red","XXL"
"Wrap Midi Dress","Dresses",3975,95,"Spring",4.7,"Women","Blue","Free"
"Leather Chelsea Boots","Footwear",1703,49,"Winter",4.8,"Men","Blue","M"
"Slim Fit Denim Jeans","Bottoms",2107,66,"Spring",4.8,"Unisex","Pink","M"
"Chino Trousers","Bottoms",1564,100,"Autumn",3.8,"Men","Beige","XXL"
"Classic Canvas Sneakers","Footwear",4724,65,"Autumn",4.6,"Unisex","Blue","Free"
"Silk Kurta Pajama","Ethnic Wear",3409,70,"Winter",3.8,"Men","Red","S"
"Slim Fit Denim Jeans","Bottoms",1963,73,"Winter",4.9,"Unisex","Pink","XXL"
"Trench Coat","Outerwear",3441,59,"Spring",3.8,"Unisex","Pink","L"
"Linen Summer Dress","Dresses",4715,100,"Summer",4.6,"Women","Navy","XL"
"Embroidery Salwar Kameez","Ethnic Wear",1981,54,"Summer",4.9,"Women","Black","Free"
"Classic Cotton T-Shirt","Tops",812,80,"Spring",4.3,"Unisex","White","XL"
"Running Shorts","Sportswear",1430,49,"Winter",4.3,"Unisex","Grey","S"
"Anarkali Kurti","Ethnic Wear",4048,66,"Spring",3.9,"Women","Grey","Free"
"Anarkali Kurti","Ethnic Wear",3856,72,"Winter",3.9,"Women","White","M"
"Embroidery Salwar Kameez","Ethnic Wear",5384,65,"Summer",4.9,"Women","White","M"
"Linen Summer Dress","Dresses",3680,64,"Spring",4.0,"Women","Beige","L"
"Linen Summer Dress","Dresses",2746,63,"Summer",4.2,"Women","Green","XXL"
"Classic Canvas Sneakers","Footwear",5987,67,"Autumn",4.4,"Unisex","White","L"
"Strappy Sandals","Footwear",3359,39,"Autumn",4.5,"Women","Yellow","S"
"Embroidery Salwar Kameez","Ethnic Wear",2201,66,"Spring",4.5,"Women","Green","L"
"Slim Fit Polo Shirt","Tops",1048,95,"Summer",4.8,"Men","Pink","S"
"Chino Trousers","Bottoms",2325,71,"Winter",4.6,"Men","Grey","L"
"V-Neck Camisole","Tops",590,36,"Autumn",3.9,"Women","Red","M"
"Running Shorts","Sportswear",708,73,"Summer",4.2,"Unisex","Beige","S"
"Linen Summer Dress","Dresses",1811,59,"Spring",4.8,"Women","Olive","S"
"Embroidery Salwar Kameez","Ethnic Wear",1365,39,"Spring",4.4,"Women","Blue","XXL"
"Lace-up Formal Shoes","Footwear",3436,39,"Summer",4.8,"Men","Beige","Free"
"Compression Gym Tee","Sportswear",1655,31,"Winter",4.7,"Men","Beige","M"
"Linen Summer Dress","Dresses",4794,100,"Summer",4.3,"Women","Green","XXL"
"Classic Cotton T-Shirt","Tops",769,100,"Summer",4.9,"Unisex","Olive","S"
"Chino Trousers","Bottoms",1542,100,"Autumn",4.6,"Men","Red","XL"
"Cargo Utility Pants","Bottoms",1605,56,"Autumn",4.1,"Men","White","XXL"
"Lace-up Formal Shoes","Footwear",3812,46,"Summer",3.6,"Men","Black","XL"
"Linen Shorts","Bottoms",1784,73,"Autumn",4.0,"Unisex","Navy","XL"
"Silk Party Gown","Dresses",2275,49,"Summer",4.5,"Women","Green","XL"
"Wrap Midi Dress","Dresses",3799,81,"Autumn",4.6,"Women","Blue","XS"
"Linen Button-up","Tops",448,52,"Autumn",4.0,"Men","Red","XL"
"Strappy Sandals","Footwear",5603,37,"Autumn",4.9,"Women","Grey","Free"
"Running Shorts","Sportswear",1434,63,"Spring",4.5,"Unisex","Yellow","XS"
"Oversized Fleece Hoodie","Outerwear",1971,49,"Spring",4.4,"Unisex","Navy","Free"
"Lace-up Formal Shoes","Footwear",2808,40,"Winter",4.4,"Men","Navy","L"
"Classic Canvas Sneakers","Footwear",5503,42,"Summer",4.9,"Unisex","Grey","S"
"Strappy Sandals","Footwear",2841,47,"Autumn",4.3,"Women","Blue","XXL"
"Linen Shorts","Bottoms",1577,97,"Summer",4.2,"Unisex","Green","S"
"Leather Chelsea Boots","Footwear",5601,49,"Summer",3.6,"Men","Navy","S"
"Wrap Midi Dress","Dresses",3259,59,"Spring",4.5,"Women","Grey","XL"
"Cargo Utility Pants","Bottoms",1173,85,"Spring",4.4,"Men","Pink","Free"
"Silk Party Gown","Dresses",3321,51,"Autumn",4.0,"Women","Blue","L"
"Cargo Utility Pants","Bottoms",2341,63,"Summer",4.9,"Men","Blue","XS"
"Wrap Midi Dress","Dresses",2384,35,"Summer",3.7,"Women","Yellow","XXL"
"Pleated Skirt","Bottoms",1570,56,"Autumn",4.1,"Women","Olive","M"
"Embroidery Salwar Kameez","Ethnic Wear",2481,51,"Summer",4.6,"Women","Beige","S"
"Running Shorts","Sportswear",717,31,"Winter",4.7,"Unisex","Yellow","S"
"Oversized Fleece Hoodie","Outerwear",4304,47,"Summer",3.7,"Unisex","White","XXL"
"Casual Denim Jacket","Outerwear",3937,29,"Summer",4.3,"Unisex","Navy","XS"
"Strappy Sandals","Footwear",1786,60,"Summer",3.7,"Women","Grey","L"
"Casual Denim Jacket","Outerwear",1686,62,"Spring",4.7,"Unisex","Beige","XS"
"V-Neck Camisole","Tops",447,94,"Summer",4.5,"Women","Olive","XS"
"Embroidery Salwar Kameez","Ethnic Wear",5549,36,"Summer",3.7,"Women","Green","L"
"Knitted Sweater Vest","Outerwear",4497,46,"Winter",4.9,"Unisex","Yellow","L"
"Silk Party Gown","Dresses",1354,61,"Autumn",4.7,"Women","Navy","XL"
"Activewear Joggers","Sportswear",1703,80,"Spring",4.8,"Unisex","Beige","XXL"
"Classic Canvas Sneakers","Footwear",1703,49,"Autumn",4.9,"Unisex","Yellow","XS"
"Leather Chelsea Boots","Footwear",6507,83,"Spring",3.8,"Men","Blue","XS"
"Classic Canvas Sneakers","Footwear",3374,74,"Spring",4.9,"Unisex","Pink","XXL"
"Strappy Sandals","Footwear",5656,48,"Spring",4.0,"Women","Grey","M"
"Slim Fit Polo Shirt","Tops",348,46,"Autumn",4.0,"Men","Olive","L"
"Cargo Utility Pants","Bottoms",1991,80,"Autumn",4.7,"Men","Black","L"
"Cargo Utility Pants","Bottoms",983,58,"Autumn",4.9,"Men","Navy","L"
"Linen Summer Dress","Dresses",4190,27,"Winter",3.8,"Women","Olive","XXL"
"Activewear Joggers","Sportswear",1502,56,"Autumn",3.8,"Unisex","Yellow","XS"
"Pleated Skirt","Bottoms",1087,35,"Winter",4.4,"Women","Yellow","XXL"
"Lace-up Formal Shoes","Footwear",2150,82,"Summer",4.2,"Men","Yellow","XS"
"Floral Print Saree","Ethnic Wear",3207,47,"Autumn",3.8,"Women","Green","M"
"Activewear Joggers","Sportswear",786,94,"Autumn",3.8,"Unisex","Pink","Free"
"Knitted Sweater Vest","Outerwear",4224,100,"Autumn",4.9,"Unisex","Yellow","XS"
"Silk Party Gown","Dresses",3559,58,"Spring",3.9,"Women","White","S"
"Embroidery Salwar Kameez","Ethnic Wear",4360,97,"Autumn",4.2,"Women","Blue","M"
"Anarkali Kurti","Ethnic Wear",2967,76,"Autumn",4.0,"Women","Pink","XL"
"Classic Canvas Sneakers","Footwear",2557,91,"Spring",4.3,"Unisex","Grey","XXL"
"Strappy Sandals","Footwear",6666,25,"Winter",4.9,"Women","Olive","S"
"Running Shorts","Sportswear",610,34,"Winter",5.0,"Unisex","Grey","XXL"
"Knitted Sweater Vest","Outerwear",2767,68,"Summer",4.2,"Unisex","Green","Free"
"Slim Fit Polo Shirt","Tops",1068,35,"Spring",4.1,"Men","Beige","XXL"
"Linen Shorts","Bottoms",907,50,"Autumn",3.9,"Unisex","Yellow","S"
"Crop Hooded Top","Tops",878,67,"Spring",4.0,"Women","Navy","XS"
"Slim Fit Polo Shirt","Tops",1125,57,"Summer",3.6,"Men","Olive","M"
"Trench Coat","Outerwear",3329,62,"Spring",4.7,"Unisex","Green","S"
"Slim Fit Polo Shirt","Tops",582,48,"Winter",4.4,"Men","Grey","L"
"Leather Chelsea Boots","Footwear",3416,50,"Winter",4.4,"Men","Navy","S"
"Pleated Skirt","Bottoms",873,48,"Autumn",4.8,"Women","Red","Free"
"Linen Button-up","Tops",423,59,"Winter",4.4,"Men","Beige","XL"
"Linen Shorts","Bottoms",946,83,"Autumn",4.6,"Unisex","Green","L"
"Trench Coat","Outerwear",3542,77,"Spring",4.2,"Unisex","Green","XL"
"Silk Kurta Pajama","Ethnic Wear",1331,49,"Autumn",4.5,"Men","Olive","XL"
"Casual Denim Jacket","Outerwear",4188,36,"Autumn",4.6,"Unisex","Black","XL"
"Lace-up Formal Shoes","Footwear",6180,39,"Summer",4.2,"Men","Grey","M"
"Slim Fit Denim Jeans","Bottoms",1251,51,"Spring",4.8,"Unisex","Green","XS"
"Running Shorts","Sportswear",890,70,"Summer",4.2,"Unisex","Green","M"
"Silk Party Gown","Dresses",4503,54,"Autumn",4.0,"Women","Red","XS"
"Linen Summer Dress","Dresses",4488,100,"Summer",4.6,"Women","Pink","M"
"Wrap Midi Dress","Dresses",1392,45,"Autumn",3.6,"Women","Beige","L"
"Cargo Utility Pants","Bottoms",898,45,"Winter",3.7,"Men","Beige","M"
"Oversized Fleece Hoodie","Outerwear",2500,26,"Summer",4.2,"Unisex","Yellow","XL"
"Strappy Sandals","Footwear",2680,52,"Summer",4.0,"Women","Red","L"
"Chino Trousers","Bottoms",988,64,"Summer",4.4,"Men","Beige","Free"
"Compression Gym Tee","Sportswear",857,23,"Winter",5.0,"Men","Navy","L"
"Pleated Skirt","Bottoms",2182,43,"Summer",4.8,"Women","Blue","L"
"Lace-up Formal Shoes","Footwear",5595,35,"Winter",3.9,"Men","Red","M"
"Classic Cotton T-Shirt","Tops",594,26,"Winter",4.7,"Unisex","Pink","XXL"
"Floral Sundress","Dresses",2576,60,"Spring",3.7,"Women","Green","XS"
"Pleated Skirt","Bottoms",948,45,"Autumn",3.8,"Women","Beige","Free"
"Chino Trousers","Bottoms",1579,58,"Spring",4.0,"Men","Black","XXL"
"Trench Coat","Outerwear",2163,77,"Winter",4.0,"Unisex","Black","Free"
"Linen Summer Dress","Dresses",1794,54,"Spring",4.3,"Women","Olive","S"
"Floral Sundress","Dresses",4452,58,"Autumn",4.8,"Women","Green","Free"
"Slim Fit Polo Shirt","Tops",720,71,"Summer",4.7,"Men","White","M"
"Linen Summer Dress","Dresses",4616,78,"Autumn",4.0,"Women","Green","L"
"Linen Button-up","Tops",1014,68,"Summer",4.9,"Men","Blue","XL"
"Knitted Sweater Vest","Outerwear",3351,43,"Summer",4.3,"Unisex","Pink","XL"
"Floral Print Saree","Ethnic Wear",1617,76,"Summer",4.2,"Women","White","XL"
"Compression Gym Tee","Sportswear",1565,79,"Autumn",4.9,"Men","Beige","Free"
"Knitted Sweater Vest","Outerwear",1713,42,"Summer",4.8,"Unisex","Navy","M"
"Floral Sundress","Dresses",4994,80,"Spring",4.3,"Women","Yellow","XL"
"Floral Sundress","Dresses",3038,62,"Spring",4.1,"Women","Red","Free"
"Silk Party Gown","Dresses",3401,42,"Autumn",3.7,"Women","Green","Free"
"Classic Canvas Sneakers","Footwear",2982,58,"Summer",4.9,"Unisex","Black","XXL"
"Classic Canvas Sneakers","Footwear",6090,54,"Summer",4.9,"Unisex","Yellow","L"
"Activewear Joggers","Sportswear",996,62,"Autumn",4.6,"Unisex","Grey","M"
"Chino Trousers","Bottoms",2107,95,"Autumn",4.9,"Men","White","XL"
"Compression Gym Tee","Sportswear",968,53,"Summer",4.5,"Men","Grey","S"
"Linen Summer Dress","Dresses",1939,35,"Winter",4.9,"Women","Olive","XXL"
"Crop Hooded Top","Tops",1160,78,"Winter",4.6,"Women","White","XXL"
"Strappy Sandals","Footwear",4816,84,"Autumn",5.0,"Women","Beige","XS"
"Casual Denim Jacket","Outerwear",1796,50,"Summer",4.4,"Unisex","Red","M"
"Oversized Fleece Hoodie","Outerwear",2777,52,"Winter",3.8,"Unisex","Pink","XS"
"Strappy Sandals","Footwear",2240,69,"Spring",3.8,"Women","White","L"
"Floral Print Saree","Ethnic Wear",5130,38,"Autumn",3.8,"Women","Olive","M"
"Compression Gym Tee","Sportswear",1695,100,"Summer",3.7,"Men","Black","XL"
"Strappy Sandals","Footwear",3527,39,"Spring",3.8,"Women","Navy","XS"
"Linen Summer Dress","Dresses",2607,100,"Summer",4.8,"Women","White","S"
"Leather Chelsea Boots","Footwear",2494,60,"Winter",4.0,"Men","Navy","XS"
"Embroidery Salwar Kameez","Ethnic Wear",3340,56,"Autumn",4.1,"Women","Blue","L"
"Slim Fit Polo Shirt","Tops",1180,49,"Winter",3.8,"Men","Red","L"
"Embroidery Salwar Kameez","Ethnic Wear",3987,75,"Winter",4.5,"Women","Navy","S"
"Crop Hooded Top","Tops",690,70,"Winter",4.4,"Women","Blue","XL"
"Linen Shorts","Bottoms",2475,53,"Summer",4.7,"Unisex","Grey","S"
"Linen Summer Dress","Dresses",4140,50,"Autumn",4.1,"Women","Pink","XS"
"Classic Cotton T-Shirt","Tops",501,73,"Summer",3.6,"Unisex","Yellow","XL"
"Slim Fit Denim Jeans","Bottoms",2152,81,"Winter",4.4,"Unisex","Black","XXL"
"Chino Trousers","Bottoms",1017,82,"Summer",4.8,"Men","White","S"
"Strappy Sandals","Footwear",3863,37,"Winter",4.5,"Women","Blue","XS"
"Classic Canvas Sneakers","Footwear",2760,62,"Spring",4.6,"Unisex","Grey","L"
"Linen Shorts","Bottoms",2077,99,"Summer",4.9,"Unisex","Beige","Free"
"Classic Cotton T-Shirt","Tops",821,64,"Summer",3.9,"Unisex","Beige","XS"
"Casual Denim Jacket","Outerwear",3647,64,"Spring",3.9,"Unisex","Yellow","M"
"Linen Summer Dress","Dresses",4192,27,"Winter",3.9,"Women","Green","Free"
"Linen Shorts","Bottoms",1208,100,"Summer",4.1,"Unisex","Green","XXL"
"Classic Canvas Sneakers","Footwear",5042,54,"Summer",4.1,"Unisex","Blue","M"
"Trench Coat","Outerwear",3434,63,"Autumn",4.2,"Unisex","Blue","M"
"Running Shorts","Sportswear",1531,45,"Spring",4.3,"Unisex","Pink","XL"
"Casual Denim Jacket","Outerwear",4085,83,"Autumn",3.9,"Unisex","Navy","M"
"Leather Chelsea Boots","Footwear",2409,35,"Spring",4.4,"Men","Navy","S"
"Running Shorts","Sportswear",1241,38,"Winter",3.8,"Unisex","Yellow","XS"
"Crop Hooded Top","Tops",823,51,"Spring",4.7,"Women","White","L"
"Chino Trousers","Bottoms",1883,65,"Spring",4.2,"Men","Grey","XL"
"Anarkali Kurti","Ethnic Wear",2427,41,"Autumn",3.8,"Women","Olive","XXL"
"Casual Denim Jacket","Outerwear",3241,39,"Summer",4.4,"Unisex","Black","L"
"Trench Coat","Outerwear",1683,66,"Winter",4.6,"Unisex","Olive","XS"
"Chino Trousers","Bottoms",2406,56,"Summer",4.1,"Men","Navy","Free"
"Pleated Skirt","Bottoms",1794,87,"Spring",3.8,"Women","Olive","M"
"Linen Summer Dress","Dresses",4618,40,"Autumn",3.8,"Women","Grey","XXL"
"Running Shorts","Sportswear",688,64,"Autumn",4.1,"Unisex","Pink","S"
"Chino Trousers","Bottoms",1752,67,"Autumn",4.0,"Men","White","XXL"
"Chino Trousers","Bottoms",1846,41,"Summer",4.3,"Men","Grey","L"
"Anarkali Kurti","Ethnic Wear",1788,100,"Spring",4.2,"Women","Yellow","L"
"Running Shorts","Sportswear",623,43,"Winter",4.5,"Unisex","Green","XXL"
"Activewear Joggers","Sportswear",593,48,"Spring",4.3,"Unisex","Pink","XS"
"Activewear Joggers","Sportswear",1584,53,"Autumn",3.7,"Unisex","Red","XL"
"Floral Sundress","Dresses",3971,81,"Summer",4.2,"Women","Pink","XL"
"Anarkali Kurti","Ethnic Wear",2260,98,"Spring",4.1,"Women","Olive","Free"
"Linen Button-up","Tops",1103,52,"Spring",3.9,"Men","Beige","L"
"Silk Party Gown","Dresses",3330,84,"Winter",3.9,"Women","Black","XL"
"Activewear Joggers","Sportswear",1469,94,"Autumn",4.4,"Unisex","Red","XXL"
"Anarkali Kurti","Ethnic Wear",5493,41,"Summer",4.8,"Women","Grey","L"
"Slim Fit Denim Jeans","Bottoms",1789,41,"Spring",4.3,"Unisex","Red","XS"
"Embroidery Salwar Kameez","Ethnic Wear",1632,100,"Autumn",4.2,"Women","Black","XXL"
"Running Shorts","Sportswear",1723,25,"Winter",4.0,"Unisex","Red","XS"
"Silk Kurta Pajama","Ethnic Wear",2922,57,"Summer",4.9,"Men","Yellow","XXL"
"Embroidery Salwar Kameez","Ethnic Wear",4505,43,"Summer",3.7,"Women","Yellow","S"
"Floral Print Saree","Ethnic Wear",4320,47,"Autumn",4.5,"Women","Grey","M"
"Linen Summer Dress","Dresses",4909,41,"Winter",4.4,"Women","Yellow","Free"
"Wrap Midi Dress","Dresses",4746,50,"Winter",4.8,"Women","Navy","S"
"V-Neck Camisole","Tops",896,94,"Summer",4.7,"Women","Grey","Free"
"Silk Party Gown","Dresses",4957,60,"Autumn",4.8,"Women","Blue","L"
"V-Neck Camisole","Tops",357,22,"Winter",4.7,"Women","Green","XL"
"V-Neck Camisole","Tops",1010,37,"Winter",4.5,"Women","Beige","M"
"Anarkali Kurti","Ethnic Wear",5558,74,"Summer",4.2,"Women","Blue","L"
"Embroidery Salwar Kameez","Ethnic Wear",2878,100,"Autumn",4.6,"Women","Navy","S"
"Silk Kurta Pajama","Ethnic Wear",5095,43,"Summer",4.0,"Men","Beige","M"
"Classic Canvas Sneakers","Footwear",4069,75,"Winter",3.8,"Unisex","Grey","L"
"Linen Shorts","Bottoms",2423,58,"Spring",3.7,"Unisex","White","S"
"Classic Canvas Sneakers","Footwear",1721,97,"Spring",4.1,"Unisex","White","XXL"
"Pleated Skirt","Bottoms",1953,70,"Summer",4.8,"Women","Beige","Free"
"Oversized Fleece Hoodie","Outerwear",1884,39,"Autumn",4.6,"Unisex","Red","XS"
"Casual Denim Jacket","Outerwear",4457,48,"Spring",4.0,"Unisex","Olive","XS"
"Anarkali Kurti","Ethnic Wear",2386,76,"Winter",4.2,"Women","Grey","S"
"Oversized Fleece Hoodie","Outerwear",3678,36,"Spring",3.7,"Unisex","Pink","L"
"Pleated Skirt","Bottoms",2112,73,"Autumn",4.1,"Women","Red","XXL"
"Pleated Skirt","Bottoms",2486,100,"Spring",4.0,"Women","Beige","M"
"Classic Cotton T-Shirt","Tops",973,52,"Summer",3.9,"Unisex","Olive","L"
"Linen Summer Dress","Dresses",1674,49,"Summer",4.1,"Women","Red","XXL"
"Knitted Sweater Vest","Outerwear",3986,73,"Winter",4.9,"Unisex","White","L"
"Pleated Skirt","Bottoms",1005,48,"Autumn",5.0,"Women","Black","Free"
"Compression Gym Tee","Sportswear",958,49,"Summer",4.4,"Men","Black","XS"
"Silk Party Gown","Dresses",4519,76,"Spring",4.9,"Women","Olive","L"
"Casual Denim Jacket","Outerwear",2737,50,"Autumn",4.5,"Unisex","Navy","Free"
"Embroidery Salwar Kameez","Ethnic Wear",3725,55,"Spring",4.2,"Women","Grey","Free"
"Trench Coat","Outerwear",1618,52,"Winter",4.1,"Unisex","Green","XL"
"Knitted Sweater Vest","Outerwear",1821,72,"Summer",4.6,"Unisex","Green","Free"
"Anarkali Kurti","Ethnic Wear",5105,92,"Spring",3.8,"Women","White","XXL"
"Wrap Midi Dress","Dresses",2657,67,"Autumn",4.0,"Women","Black","M"
"Strappy Sandals","Footwear",6026,98,"Summer",4.3,"Women","Green","L"
"Casual Denim Jacket","Outerwear",4295,22,"Summer",4.6,"Unisex","Olive","S"
"Compression Gym Tee","Sportswear",1079,77,"Summer",4.5,"Men","White","L"
"Chino Trousers","Bottoms",1215,58,"Spring",4.4,"Men","Green","Free"
"Linen Shorts","Bottoms",1581,49,"Autumn",4.7,"Unisex","Red","XXL"
"Wrap Midi Dress","Dresses",2209,40,"Summer",4.3,"Women","Yellow","XL"
"V-Neck Camisole","Tops",992,63,"Summer",4.6,"Women","White","L"
"Anarkali Kurti","Ethnic Wear",2718,75,"Summer",4.0,"Women","Grey","S"
"Activewear Joggers","Sportswear",1257,84,"Summer",4.9,"Unisex","Green","XL"
"Casual Denim Jacket","Outerwear",2459,70,"Autumn",3.9,"Unisex","Yellow","XS"
"Anarkali Kurti","Ethnic Wear",2752,74,"Summer",5.0,"Women","Beige","XS"
"Trench Coat","Outerwear",3660,42,"Spring",3.8,"Unisex","Red","L"
"Pleated Skirt","Bottoms",2152,65,"Autumn",4.4,"Women","Beige","XXL"
"Running Shorts","Sportswear",1087,51,"Autumn",3.8,"Unisex","Navy","XL"
"Running Shorts","Sportswear",1726,38,"Spring",3.8,"Unisex","Beige","XS"
"Casual Denim Jacket","Outerwear",1882,66,"Autumn",4.7,"Unisex","Olive","Free"
"Trench Coat","Outerwear",2088,59,"Autumn",3.8,"Unisex","Beige","S"
"Compression Gym Tee","Sportswear",1264,38,"Winter",4.3,"Men","Beige","XS"
"Classic Canvas Sneakers","Footwear",3005,43,"Autumn",4.4,"Unisex","Blue","XXL"
"Linen Summer Dress","Dresses",4704,66,"Spring",4.1,"Women","Navy","XL"
"Oversized Fleece Hoodie","Outerwear",2281,54,"Autumn",4.4,"Unisex","Blue","Free"
"Silk Party Gown","Dresses",3038,28,"Summer",3.7,"Women","Green","XXL"
"Chino Trousers","Bottoms",1752,47,"Winter",4.4,"Men","Navy","S"
"Floral Sundress","Dresses",2071,25,"Winter",3.9,"Women","Blue","L"
"Floral Print Saree","Ethnic Wear",5794,48,"Winter",4.9,"Women","Green","XL"
"Wrap Midi Dress","Dresses",1486,52,"Autumn",4.0,"Women","Beige","S"
"Leather Chelsea Boots","Footwear",2671,49,"Spring",3.7,"Men","Pink","M"
"Casual Denim Jacket","Outerwear",2832,50,"Summer",3.7,"Unisex","Red","L"
"V-Neck Camisole","Tops",929,41,"Autumn",4.9,"Women","Green","M"
"Silk Kurta Pajama","Ethnic Wear",3744,100,"Spring",4.6,"Men","Grey","L"
"Slim Fit Denim Jeans","Bottoms",1626,79,"Spring",3.9,"Unisex","Beige","XXL"
"Anarkali Kurti","Ethnic Wear",4417,82,"Summer",4.8,"Women","Pink","S"
"Linen Button-up","Tops",497,81,"Autumn",4.5,"Men","Navy","Free"
"Compression Gym Tee","Sportswear",1784,70,"Summer",4.0,"Men","Blue","Free"
"Slim Fit Polo Shirt","Tops",961,24,"Winter",3.9,"Men","Green","XXL"
"Linen Summer Dress","Dresses",2452,81,"Spring",3.7,"Women","Navy","XL"
"Strappy Sandals","Footwear",5171,100,"Summer",4.2,"Women","White","S"
"Linen Button-up","Tops",732,79,"Winter",4.3,"Men","White","XS"
"Chino Trousers","Bottoms",2072,44,"Spring",4.1,"Men","Beige","XL"
"Floral Sundress","Dresses",3330,42,"Spring",3.7,"Women","Black","Free"
"Cargo Utility Pants","Bottoms",1075,79,"Winter",4.5,"Men","Blue","Free"
"Embroidery Salwar Kameez","Ethnic Wear",5709,60,"Autumn",4.4,"Women","White","XXL"
"Floral Print Saree","Ethnic Wear",4596,49,"Summer",4.4,"Women","Pink","XXL"
"Activewear Joggers","Sportswear",1568,42,"Winter",3.7,"Unisex","Red","XXL"
"V-Neck Camisole","Tops",751,71,"Spring",4.3,"Women","White","Free"
"Leather Chelsea Boots","Footwear",6151,39,"Spring",3.8,"Men","Olive","XXL"
"Oversized Fleece Hoodie","Outerwear",1868,87,"Winter",3.9,"Unisex","Olive","XS"
"Strappy Sandals","Footwear",6336,47,"Winter",4.1,"Women","Blue","XL"
"Cargo Utility Pants","Bottoms",1045,100,"Spring",5.0,"Men","Grey","XS"
"Embroidery Salwar Kameez","Ethnic Wear",4903,76,"Spring",3.8,"Women","Olive","S"
"V-Neck Camisole","Tops",317,95,"Summer",3.6,"Women","Grey","XS"
"Running Shorts","Sportswear",687,75,"Spring",4.2,"Unisex","Red","XS"
"Floral Sundress","Dresses",1304,64,"Summer",4.4,"Women","Blue","XXL"
"Cargo Utility Pants","Bottoms",1845,75,"Summer",4.9,"Men","Pink","XXL"
"Strappy Sandals","Footwear",6921,90,"Summer",4.1,"Women","White","S"
"Wrap Midi Dress","Dresses",2438,91,"Spring",4.0,"Women","Pink","M"
"Chino Trousers","Bottoms",1020,81,"Spring",4.3,"Men","Grey","S"
"Knitted Sweater Vest","Outerwear",1990,70,"Spring",4.3,"Unisex","Olive","M"
"Trench Coat","Outerwear",2710,43,"Spring",4.5,"Unisex","Green","Free"
"Silk Party Gown","Dresses",1623,40,"Summer",4.5,"Women","Yellow","Free"
"Slim Fit Polo Shirt","Tops",739,63,"Summer",3.7,"Men","Olive","XL"
"Casual Denim Jacket","Outerwear",3595,69,"Winter",4.6,"Unisex","Green","XL"
"V-Neck Camisole","Tops",776,84,"Summer",3.9,"Women","Navy","XXL"
"Cargo Utility Pants","Bottoms",2385,40,"Autumn",4.8,"Men","White","S"
"Strappy Sandals","Footwear",4434,40,"Winter",3.9,"Women","White","XS"
"Trench Coat","Outerwear",3240,55,"Winter",4.2,"Unisex","Grey","S"
"Linen Button-up","Tops",1182,35,"Winter",4.8,"Men","Black","S"
"Knitted Sweater Vest","Outerwear",2712,75,"Summer",3.9,"Unisex","Black","S"
"Linen Button-up","Tops",412,83,"Spring",4.4,"Men","Grey","L"
"Leather Chelsea Boots","Footwear",6325,74,"Winter",4.0,"Men","Grey","XL"
"Linen Summer Dress","Dresses",2180,40,"Spring",4.2,"Women","Green","L"
"Activewear Joggers","Sportswear",723,82,"Summer",4.3,"Unisex","Grey","XS"
"Crop Hooded Top","Tops",579,39,"Winter",3.8,"Women","Pink","S"
"Slim Fit Polo Shirt","Tops",1050,87,"Summer",4.7,"Men","White","Free"
"Knitted Sweater Vest","Outerwear",2564,78,"Summer",4.4,"Unisex","Yellow","XS"
"V-Neck Camisole","Tops",793,99,"Summer",4.1,"Women","Grey","XL"
"Wrap Midi Dress","Dresses",4917,67,"Summer",4.5,"Women","Grey","XXL"
"Slim Fit Polo Shirt","Tops",898,31,"Winter",4.1,"Men","White","XS"
"Crop Hooded Top","Tops",1065,84,"Summer",3.7,"Women","Black","S"
"Leather Chelsea Boots","Footwear",4737,54,"Autumn",4.6,"Men","Beige","Free"
"Oversized Fleece Hoodie","Outerwear",2853,44,"Spring",3.9,"Unisex","Green","XL"
"Wrap Midi Dress","Dresses",3742,65,"Autumn",4.6,"Women","White","XXL"
"Compression Gym Tee","Sportswear",1492,57,"Summer",4.4,"Men","Yellow","L"
"Crop Hooded Top","Tops",806,74,"Autumn",3.6,"Women","Green","XXL"
"Casual Denim Jacket","Outerwear",2884,69,"Autumn",3.9,"Unisex","White","Free"
"Trench Coat","Outerwear",3478,36,"Spring",4.1,"Unisex","Pink","XXL"
"Activewear Joggers","Sportswear",920,55,"Summer",4.5,"Unisex","Blue","XS"
"Floral Sundress","Dresses",4581,31,"Winter",4.1,"Women","Green","M"
"Pleated Skirt","Bottoms",859,83,"Winter",4.9,"Women","Blue","L"
"Pleated Skirt","Bottoms",1460,79,"Autumn",4.9,"Women","Black","XS"
"Cargo Utility Pants","Bottoms",2139,52,"Spring",4.1,"Men","Beige","Free"
"Embroidery Salwar Kameez","Ethnic Wear",5223,52,"Autumn",4.1,"Women","White","M"
"Activewear Joggers","Sportswear",662,40,"Winter",4.4,"Unisex","Red","S"
"Classic Cotton T-Shirt","Tops",535,60,"Spring",4.5,"Unisex","Navy","XS"
"Floral Print Saree","Ethnic Wear",4538,38,"Summer",3.9,"Women","Beige","M"
"Floral Sundress","Dresses",2031,35,"Winter",5.0,"Women","Pink","S"
"Slim Fit Denim Jeans","Bottoms",2473,74,"Autumn",4.1,"Unisex","Beige","XL"
"Pleated Skirt","Bottoms",2052,38,"Autumn",3.8,"Women","Red","XXL"
"Compression Gym Tee","Sportswear",1532,46,"Spring",4.0,"Men","Pink","M"
"Floral Print Saree","Ethnic Wear",4316,51,"Summer",4.4,"Women","Black","M"
"Trench Coat","Outerwear",3533,77,"Winter",4.8,"Unisex","Red","XXL"
"Running Shorts","Sportswear",1688,27,"Winter",4.5,"Unisex","Grey","S"
"Linen Shorts","Bottoms",2099,99,"Summer",4.8,"Unisex","Grey","L"
"Floral Sundress","Dresses",2715,37,"Autumn",4.7,"Women","Green","Free"
"Casual Denim Jacket","Outerwear",3774,53,"Spring",5.0,"Unisex","Olive","Free"
"Silk Party Gown","Dresses",2041,26,"Summer",4.0,"Women","Beige","XL"
"Slim Fit Denim Jeans","Bottoms",2138,59,"Winter",4.7,"Unisex","Beige","Free"
"Trench Coat","Outerwear",3399,63,"Spring",4.5,"Unisex","Olive","XS"
"Floral Sundress","Dresses",1964,42,"Autumn",4.9,"Women","Black","XS"
"Lace-up Formal Shoes","Footwear",5588,70,"Summer",4.8,"Men","Yellow","XL"
"Slim Fit Polo Shirt","Tops",762,50,"Winter",3.9,"Men","Beige","XL"
"Activewear Joggers","Sportswear",1068,54,"Summer",4.3,"Unisex","Black","XXL"
"Lace-up Formal Shoes","Footwear",2827,45,"Spring",4.6,"Men","Green","XXL"
"Cargo Utility Pants","Bottoms",1229,69,"Autumn",4.1,"Men","Olive","XS"
"Knitted Sweater Vest","Outerwear",3450,41,"Spring",3.7,"Unisex","Red","XXL"
"Silk Party Gown","Dresses",1229,40,"Summer",4.2,"Women","Green","XXL"
"Lace-up Formal Shoes","Footwear",1441,74,"Spring",4.4,"Men","Green","XXL"
"Embroidery Salwar Kameez","Ethnic Wear",5889,75,"Spring",3.9,"Women","Green","Free"
"Classic Cotton T-Shirt","Tops",865,34,"Winter",4.5,"Unisex","Grey","Free"
"Floral Print Saree","Ethnic Wear",2947,84,"Spring",4.0,"Women","Olive","XXL"
"Oversized Fleece Hoodie","Outerwear",1531,56,"Winter",4.9,"Unisex","Green","XL"
"Leather Chelsea Boots","Footwear",1239,43,"Autumn",4.6,"Men","Green","XXL"
"Strappy Sandals","Footwear",3138,31,"Winter",3.8,"Women","Beige","XL"
"Floral Sundress","Dresses",4087,62,"Spring",3.9,"Women","Grey","S"
"Cargo Utility Pants","Bottoms",1229,84,"Winter",4.0,"Men","Blue","S"
"Silk Party Gown","Dresses",2302,64,"Spring",3.7,"Women","Beige","XL"
"Trench Coat","Outerwear",3110,84,"Spring",4.8,"Unisex","Red","L"
"Leather Chelsea Boots","Footwear",2584,37,"Summer",4.3,"Men","Beige","L"
"Crop Hooded Top","Tops",881,43,"Summer",3.9,"Women","Grey","XS"
"Activewear Joggers","Sportswear",1699,35,"Winter",3.7,"Unisex","Red","XS"
"Pleated Skirt","Bottoms",1491,84,"Autumn",3.8,"Women","Red","XS"
"Compression Gym Tee","Sportswear",1380,23,"Winter",4.8,"Men","Red","XL"
"Linen Button-up","Tops",931,39,"Winter",4.6,"Men","White","S"
"Embroidery Salwar Kameez","Ethnic Wear",3240,67,"Winter",4.3,"Women","Navy","Free"
"Trench Coat","Outerwear",2302,42,"Summer",4.3,"Unisex","Yellow","M"
"Slim Fit Polo Shirt","Tops",996,41,"Autumn",3.9,"Men","Olive","Free"
"Compression Gym Tee","Sportswear",972,34,"Winter",4.7,"Men","White","S"
"Linen Button-up","Tops",1152,59,"Spring",4.7,"Men","Beige","S"
"Trench Coat","Outerwear",2179,59,"Spring",4.5,"Unisex","Beige","S"
"Floral Print Saree","Ethnic Wear",3338,100,"Spring",3.8,"Women","Black","XL"
"Slim Fit Polo Shirt","Tops",431,68,"Spring",4.0,"Men","Grey","L"
"Slim Fit Denim Jeans","Bottoms",1961,42,"Summer",3.8,"Unisex","Pink","L"
"Trench Coat","Outerwear",1855,64,"Autumn",4.7,"Unisex","Beige","XXL"
"Activewear Joggers","Sportswear",1338,80,"Summer",4.3,"Unisex","Beige","L"
"Silk Kurta Pajama","Ethnic Wear",1262,77,"Autumn",4.8,"Men","Olive","XXL"
"Trench Coat","Outerwear",3647,41,"Summer",3.9,"Unisex","Red","XXL"
"Silk Kurta Pajama","Ethnic Wear",5154,35,"Autumn",4.1,"Men","Blue","XS"
"V-Neck Camisole","Tops",1124,54,"Spring",4.7,"Women","Black","XS"
"Pleated Skirt","Bottoms",2334,57,"Summer",4.7,"Women","Yellow","XS"
"Lace-up Formal Shoes","Footwear",1480,66,"Winter",4.3,"Men","Beige","XL"
"Oversized Fleece Hoodie","Outerwear",2022,65,"Spring",4.5,"Unisex","Yellow","M"
"Compression Gym Tee","Sportswear",910,44,"Winter",3.8,"Men","White","Free"
"Linen Button-up","Tops",1085,40,"Winter",3.7,"Men","Olive","L"
"Leather Chelsea Boots","Footwear",4184,59,"Winter",3.8,"Men","Grey","XL"
"Strappy Sandals","Footwear",6746,100,"Summer",4.4,"Women","Red","XXL"
"Cargo Utility Pants","Bottoms",1147,55,"Summer",4.8,"Men","Black","L"
"Classic Cotton T-Shirt","Tops",538,67,"Autumn",4.2,"Unisex","Beige","XS"
"Chino Trousers","Bottoms",863,100,"Autumn",4.8,"Men","Green","XXL"
"Floral Print Saree","Ethnic Wear",5605,64,"Summer",4.5,"Women","White","M"
"Floral Print Saree","Ethnic Wear",2535,83,"Spring",4.3,"Women","Grey","L"
"Floral Print Saree","Ethnic Wear",4917,43,"Summer",3.9,"Women","Yellow","L"
"Floral Print Saree","Ethnic Wear",5021,61,"Autumn",3.9,"Women","Olive","S"
"Activewear Joggers","Sportswear",1380,64,"Winter",4.9,"Unisex","Navy","L"
"Wrap Midi Dress","Dresses",3881,45,"Autumn",4.6,"Women","Navy","XL"
"Trench Coat","Outerwear",3284,97,"Winter",4.2,"Unisex","Red","L"
"Slim Fit Polo Shirt","Tops",925,64,"Spring",3.9,"Men","Green","XL"
"Activewear Joggers","Sportswear",574,81,"Winter",4.3,"Unisex","Olive","XXL"
"Linen Summer Dress","Dresses",3767,88,"Summer",4.0,"Women","Beige","Free"
"Floral Sundress","Dresses",3199,38,"Autumn",3.7,"Women","Pink","L"
"Anarkali Kurti","Ethnic Wear",4235,64,"Winter",3.8,"Women","Beige","S"
"Classic Canvas Sneakers","Footwear",1327,65,"Summer",3.6,"Unisex","Grey","S"
"Activewear Joggers","Sportswear",1650,53,"Winter",4.9,"Unisex","Red","S"
"Strappy Sandals","Footwear",3307,42,"Winter",4.9,"Women","Navy","XS"
"Wrap Midi Dress","Dresses",1660,58,"Autumn",4.6,"Women","White","XS"
"Floral Sundress","Dresses",1705,83,"Autumn",4.4,"Women","White","S"
"Activewear Joggers","Sportswear",1334,70,"Summer",5.0,"Unisex","Black","XL"
"Knitted Sweater Vest","Outerwear",2006,100,"Autumn",3.7,"Unisex","Navy","XL"
"Running Shorts","Sportswear",1660,35,"Winter",4.9,"Unisex","Green","XL"
"Silk Kurta Pajama","Ethnic Wear",2153,71,"Autumn",3.7,"Men","Olive","L"
"Crop Hooded Top","Tops",934,59,"Winter",3.8,"Women","Navy","XS"
"Running Shorts","Sportswear",1236,41,"Autumn",4.7,"Unisex","Navy","XS"
"Wrap Midi Dress","Dresses",3130,81,"Summer",4.2,"Women","Pink","L"
"Strappy Sandals","Footwear",5926,84,"Spring",3.7,"Women","Red","XL"
"Lace-up Formal Shoes","Footwear",6929,36,"Winter",4.6,"Men","Black","M"
"Floral Sundress","Dresses",2025,33,"Winter",5.0,"Women","Green","S"
"Pleated Skirt","Bottoms",1938,100,"Spring",4.9,"Women","Beige","XXL"
"Casual Denim Jacket","Outerwear",1610,60,"Autumn",4.0,"Unisex","Blue","Free"
"Floral Print Saree","Ethnic Wear",1407,61,"Summer",4.4,"Women","Navy","XS"
"Lace-up Formal Shoes","Footwear",3994,80,"Autumn",4.7,"Men","Grey","M"
"Classic Canvas Sneakers","Footwear",4204,56,"Summer",3.7,"Unisex","Beige","L"
"Strappy Sandals","Footwear",4087,57,"Autumn",4.3,"Women","Pink","XS"
"Classic Canvas Sneakers","Footwear",4547,48,"Winter",4.3,"Unisex","White","L"
"Floral Print Saree","Ethnic Wear",3109,35,"Autumn",3.7,"Women","Red","M"
"Strappy Sandals","Footwear",3691,47,"Autumn",4.1,"Women","Grey","S"
"Lace-up Formal Shoes","Footwear",6221,81,"Autumn",4.8,"Men","Olive","XL"
"Slim Fit Polo Shirt","Tops",939,76,"Summer",4.8,"Men","Pink","M"
"Embroidery Salwar Kameez","Ethnic Wear",4914,100,"Autumn",3.6,"Women","Grey","XL"
"Chino Trousers","Bottoms",1524,36,"Summer",4.9,"Men","White","M"
"Wrap Midi Dress","Dresses",1857,35,"Summer",4.5,"Women","White","L"
"Knitted Sweater Vest","Outerwear",2909,95,"Autumn",4.3,"Unisex","Black","L"
"Embroidery Salwar Kameez","Ethnic Wear",3485,84,"Summer",5.0,"Women","Navy","XS"
"Silk Party Gown","Dresses",2995,81,"Autumn",4.2,"Women","Red","XXL"
"Embroidery Salwar Kameez","Ethnic Wear",2307,99,"Autumn",3.8,"Women","Navy","XS"
"V-Neck Camisole","Tops",966,63,"Autumn",4.5,"Women","Grey","S"
"Compression Gym Tee","Sportswear",1188,35,"Winter",3.8,"Men","White","L"
"Floral Print Saree","Ethnic Wear",3573,99,"Spring",3.8,"Women","Olive","M"
"Silk Party Gown","Dresses",2505,28,"Summer",4.5,"Women","Black","XXL"
"Cargo Utility Pants","Bottoms",1554,39,"Winter",4.9,"Men","Green","XXL"
"Slim Fit Denim Jeans","Bottoms",2232,63,"Autumn",4.7,"Unisex","Navy","XXL"
"Activewear Joggers","Sportswear",546,77,"Autumn",4.6,"Unisex","Red","XL"
"Running Shorts","Sportswear",1057,29,"Winter",4.0,"Unisex","Olive","L"
"Classic Cotton T-Shirt","Tops",464,62,"Summer",4.3,"Unisex","Pink","XL"
"Strappy Sandals","Footwear",2574,98,"Summer",5.0,"Women","Green","XS"
"Leather Chelsea Boots","Footwear",6577,52,"Autumn",4.4,"Men","Red","XXL"
"Silk Kurta Pajama","Ethnic Wear",3131,52,"Spring",3.7,"Men","Pink","XS"
"Trench Coat","Outerwear",3271,77,"Spring",4.1,"Unisex","Grey","XL"
"Classic Canvas Sneakers","Footwear",2904,42,"Summer",4.9,"Unisex","Navy","XS"
"Compression Gym Tee","Sportswear",530,66,"Summer",4.3,"Men","Navy","L"
"Silk Kurta Pajama","Ethnic Wear",2480,66,"Winter",4.8,"Men","Green","XL"
"Strappy Sandals","Footwear",2095,37,"Spring",5.0,"Women","Green","Free"
"Embroidery Salwar Kameez","Ethnic Wear",5891,41,"Winter",4.5,"Women","Red","XL"
"Knitted Sweater Vest","Outerwear",4069,100,"Autumn",4.7,"Unisex","Grey","XXL"
"V-Neck Camisole","Tops",891,47,"Autumn",4.6,"Women","Beige","L"
"Floral Print Saree","Ethnic Wear",4632,81,"Summer",4.6,"Women","Beige","M"
"Floral Sundress","Dresses",4970,40,"Spring",4.4,"Women","Grey","M"
"Lace-up Formal Shoes","Footwear",4158,70,"Winter",4.5,"Men","Pink","S"
"Floral Print Saree","Ethnic Wear",4120,70,"Spring",4.2,"Women","White","XL"
"Lace-up Formal Shoes","Footwear",2035,45,"Spring",5.0,"Men","Green","S"
"Compression Gym Tee","Sportswear",1790,44,"Spring",4.6,"Men","Grey","L"
"Oversized Fleece Hoodie","Outerwear",4084,73,"Autumn",3.9,"Unisex","Navy","S"
"Linen Summer Dress","Dresses",4360,80,"Summer",3.8,"Women","Pink","L"
"Embroidery Salwar Kameez","Ethnic Wear",4215,100,"Autumn",4.4,"Women","Grey","XS"
"Cargo Utility Pants","Bottoms",1727,44,"Autumn",4.6,"Men","Pink","M"
"Floral Print Saree","Ethnic Wear",2974,37,"Summer",4.7,"Women","Olive","Free"
"Trench Coat","Outerwear",3629,100,"Winter",4.1,"Unisex","Yellow","L"
"Running Shorts","Sportswear",1483,36,"Winter",4.2,"Unisex","Green","L"
"Oversized Fleece Hoodie","Outerwear",4403,40,"Spring",3.9,"Unisex","Yellow","L"
"Leather Chelsea Boots","Footwear",2483,50,"Winter",4.0,"Men","Olive","S"
"Casual Denim Jacket","Outerwear",1850,94,"Winter",4.0,"Unisex","Yellow","L"
"Activewear Joggers","Sportswear",1149,75,"Spring",4.6,"Unisex","Olive","L"
"Linen Shorts","Bottoms",1502,50,"Spring",4.8,"Unisex","Blue","XL"
"Silk Party Gown","Dresses",1767,40,"Summer",4.2,"Women","Black","XL"
"Leather Chelsea Boots","Footwear",6103,85,"Winter",3.8,"Men","Blue","XL"
"Strappy Sandals","Footwear",1969,43,"Spring",4.6,"Women","Blue","Free"
"Silk Party Gown","Dresses",4444,57,"Winter",3.8,"Women","Black","XXL"
"Linen Shorts","Bottoms",829,66,"Autumn",3.8,"Unisex","Beige","XL"
"Activewear Joggers","Sportswear",1253,100,"Autumn",3.7,"Unisex","Blue","L"
"Trench Coat","Outerwear",1800,46,"Spring",4.7,"Unisex","Navy","L"
"Leather Chelsea Boots","Footwear",5906,74,"Winter",4.8,"Men","Olive","M"
"Knitted Sweater Vest","Outerwear",2511,77,"Winter",3.6,"Unisex","Red","M"
"Silk Party Gown","Dresses",4379,45,"Summer",4.4,"Women","Olive","XS"
"Trench Coat","Outerwear",2916,71,"Spring",4.0,"Unisex","Red","XXL"
"Compression Gym Tee","Sportswear",1504,50,"Spring",4.9,"Men","White","XXL"
"Floral Print Saree","Ethnic Wear",5354,59,"Winter",3.6,"Women","Beige","XS"
"Knitted Sweater Vest","Outerwear",2873,53,"Winter",4.5,"Unisex","Pink","S"
"Silk Kurta Pajama","Ethnic Wear",2382,98,"Spring",4.7,"Men","Pink","L"
"Silk Kurta Pajama","Ethnic Wear",2876,54,"Winter",4.6,"Men","Beige","M"
"Compression Gym Tee","Sportswear",1333,28,"Winter",3.9,"Men","Olive","XS"
"Anarkali Kurti","Ethnic Wear",1103,47,"Summer",4.6,"Women","Green","M"
"Running Shorts","Sportswear",1489,35,"Spring",3.9,"Unisex","Blue","XL"
"Pleated Skirt","Bottoms",1823,62,"Spring",4.9,"Women","Navy","S"
"Linen Shorts","Bottoms",2099,49,"Autumn",5.0,"Unisex","Olive","XS"
"Casual Denim Jacket","Outerwear",3619,22,"Summer",3.7,"Unisex","White","Free"
"Wrap Midi Dress","Dresses",1235,46,"Summer",4.7,"Women","Yellow","L"
"Slim Fit Denim Jeans","Bottoms",908,54,"Spring",5.0,"Unisex","Yellow","M"
"Trench Coat","Outerwear",1802,71,"Autumn",4.0,"Unisex","White","S"
"Activewear Joggers","Sportswear",1370,68,"Winter",3.8,"Unisex","Yellow","L"
"Cargo Utility Pants","Bottoms",1821,99,"Spring",3.6,"Men","Beige","S"
"Running Shorts","Sportswear",540,95,"Summer",4.4,"Unisex","Olive","M"
"Casual Denim Jacket","Outerwear",2216,80,"Autumn",3.8,"Unisex","Beige","XXL"
"Lace-up Formal Shoes","Footwear",3895,57,"Summer",4.3,"Men","Beige","XL"
"Trench Coat","Outerwear",4041,44,"Spring",4.3,"Unisex","Black","Free"
"Crop Hooded Top","Tops",881,91,"Autumn",5.0,"Women","Blue","XS"
"Leather Chelsea Boots","Footwear",3966,40,"Summer",4.0,"Men","Red","Free"
"V-Neck Camisole","Tops",428,40,"Spring",4.4,"Women","Yellow","XXL"
"Classic Canvas Sneakers","Footwear",3448,51,"Summer",4.1,"Unisex","Yellow","M"
"Strappy Sandals","Footwear",5504,78,"Autumn",4.1,"Women","Navy","Free"
"Running Shorts","Sportswear",1769,44,"Autumn",4.2,"Unisex","Yellow","XS"
"Slim Fit Denim Jeans","Bottoms",2469,49,"Autumn",4.6,"Unisex","Navy","XXL"
"Knitted Sweater Vest","Outerwear",3794,67,"Spring",3.6,"Unisex","Blue","S"
"Trench Coat","Outerwear",3028,37,"Spring",4.4,"Unisex","Grey","XXL"
"Floral Print Saree","Ethnic Wear",3030,52,"Autumn",3.7,"Women","Olive","XL"
"Silk Kurta Pajama","Ethnic Wear",2869,78,"Spring",4.7,"Men","Green","M"
"Knitted Sweater Vest","Outerwear",4477,66,"Spring",4.5,"Unisex","Grey","L"
"Running Shorts","Sportswear",1148,47,"Winter",3.7,"Unisex","Black","XS"
"Leather Chelsea Boots","Footwear",1916,75,"Spring",4.7,"Men","Grey","L"
"Slim Fit Polo Shirt","Tops",831,40,"Winter",3.7,"Men","Olive","XXL"
"Cargo Utility Pants","Bottoms",2393,45,"Summer",3.6,"Men","Navy","L"
"Classic Canvas Sneakers","Footwear",5989,75,"Autumn",4.6,"Unisex","White","XS"
"Crop Hooded Top","Tops",334,100,"Autumn",4.7,"Women","Olive","XXL"
"Classic Cotton T-Shirt","Tops",717,44,"Winter",4.3,"Unisex","Navy","XL"
"Wrap Midi Dress","Dresses",2005,72,"Autumn",4.2,"Women","Grey","XS"
"Anarkali Kurti","Ethnic Wear",1448,48,"Winter",4.3,"Women","Beige","XL"
"Linen Summer Dress","Dresses",4718,75,"Spring",4.2,"Women","Olive","L"
"Pleated Skirt","Bottoms",1894,97,"Spring",4.6,"Women","White","M"
"Wrap Midi Dress","Dresses",3046,40,"Summer",3.9,"Women","Blue","XS"
"Strappy Sandals","Footwear",2335,55,"Summer",3.9,"Women","Pink","XL"
"Cargo Utility Pants","Bottoms",2271,67,"Autumn",4.4,"Men","Green","XXL"
"Leather Chelsea Boots","Footwear",5894,100,"Winter",4.5,"Men","Beige","M"
"Linen Summer Dress","Dresses",1238,50,"Summer",4.9,"Women","Green","XS"
"Compression Gym Tee","Sportswear",1005,37,"Winter",4.7,"Men","Yellow","XXL"
"Casual Denim Jacket","Outerwear",2174,54,"Autumn",3.9,"Unisex","White","XS"
"Linen Button-up","Tops",559,91,"Spring",4.6,"Men","White","L"
"Activewear Joggers","Sportswear",1251,80,"Summer",4.5,"Unisex","Green","M"
"Cargo Utility Pants","Bottoms",2139,84,"Spring",5.0,"Men","Navy","XL"
"Compression Gym Tee","Sportswear",1121,79,"Autumn",5.0,"Men","Navy","XXL"
"Compression Gym Tee","Sportswear",1508,59,"Summer",4.0,"Men","Pink","L"
"Strappy Sandals","Footwear",3862,32,"Winter",4.0,"Women","Black","L"
"Casual Denim Jacket","Outerwear",2418,30,"Summer",4.8,"Unisex","Navy","Free"
"Anarkali Kurti","Ethnic Wear",5792,47,"Autumn",4.1,"Women","Navy","XS"
"Cargo Utility Pants","Bottoms",1262,45,"Winter",5.0,"Men","White","L"
"Classic Cotton T-Shirt","Tops",872,60,"Autumn",4.8,"Unisex","Red","XXL"
"Oversized Fleece Hoodie","Outerwear",2253,75,"Autumn",3.8,"Unisex","Green","XXL"
"Slim Fit Polo Shirt","Tops",1146,76,"Spring",4.2,"Men","Beige","M"
"Crop Hooded Top","Tops",759,80,"Summer",3.7,"Women","Black","Free"
"Casual Denim Jacket","Outerwear",4154,69,"Spring",3.9,"Unisex","Red","XL"
"Pleated Skirt","Bottoms",1551,83,"Autumn",3.7,"Women","Pink","L"
"Embroidery Salwar Kameez","Ethnic Wear",2076,76,"Summer",5.0,"Women","Pink","Free"
"Silk Kurta Pajama","Ethnic Wear",3068,85,"Spring",3.8,"Men","White","XXL"
"Activewear Joggers","Sportswear",814,58,"Summer",4.0,"Unisex","Olive","XL"
"Trench Coat","Outerwear",2459,59,"Winter",3.8,"Unisex","Olive","XS"
"Silk Kurta Pajama","Ethnic Wear",3563,64,"Spring",4.1,"Men","White","M"
"Classic Cotton T-Shirt","Tops",1048,37,"Winter",4.0,"Unisex","Yellow","S"
"Compression Gym Tee","Sportswear",1477,92,"Summer",3.7,"Men","Beige","XS"
"Classic Canvas Sneakers","Footwear",2356,58,"Summer",3.6,"Unisex","Yellow","S"
"Linen Summer Dress","Dresses",3711,68,"Spring",3.9,"Women","Olive","L"
"Running Shorts","Sportswear",1385,100,"Summer",3.7,"Unisex","White","XL"
"Running Shorts","Sportswear",960,62,"Spring",5.0,"Unisex","Olive","L"
"Floral Sundress","Dresses",4874,56,"Autumn",3.9,"Women","Red","XS"
"Strappy Sandals","Footwear",6581,50,"Winter",4.3,"Women","Green","Free"
"Strappy Sandals","Footwear",2448,21,"Winter",3.6,"Women","Olive","XXL"
"Linen Summer Dress","Dresses",4488,84,"Autumn",4.1,"Women","Grey","S"
"Floral Sundress","Dresses",1310,84,"Spring",4.2,"Women","Green","M"
"V-Neck Camisole","Tops",645,76,"Summer",4.4,"Women","Olive","S"
"Compression Gym Tee","Sportswear",992,79,"Spring",4.4,"Men","Grey","XL"
"Compression Gym Tee","Sportswear",668,70,"Summer",4.4,"Men","Green","Free"
"Leather Chelsea Boots","Footwear",4453,43,"Autumn",3.7,"Men","Black","XXL"
"Floral Print Saree","Ethnic Wear",3977,100,"Spring",4.9,"Women","Beige","S"
"Leather Chelsea Boots","Footwear",4170,79,"Spring",4.0,"Men","Green","XXL"
"Linen Shorts","Bottoms",938,23,"Winter",4.2,"Unisex","White","XS"
"Silk Party Gown","Dresses",2900,23,"Summer",4.8,"Women","Beige","S"
"Casual Denim Jacket","Outerwear",3958,59,"Spring",4.0,"Unisex","White","XXL"
"Crop Hooded Top","Tops",590,42,"Winter",4.9,"Women","Blue","S"
"Knitted Sweater Vest","Outerwear",4443,97,"Autumn",4.5,"Unisex","Grey","XS"
"Classic Cotton T-Shirt","Tops",913,49,"Autumn",4.9,"Unisex","Beige","XL"
"Crop Hooded Top","Tops",617,50,"Summer",4.0,"Women","Red","L"
"Compression Gym Tee","Sportswear",1402,44,"Autumn",4.1,"Men","Navy","L"
"Wrap Midi Dress","Dresses",3994,80,"Autumn",3.9,"Women","Navy","Free"
"Silk Kurta Pajama","Ethnic Wear",2885,56,"Autumn",4.4,"Men","Beige","Free"
"Wrap Midi Dress","Dresses",4149,60,"Winter",4.0,"Women","Beige","Free"
"Wrap Midi Dress","Dresses",3493,100,"Spring",3.9,"Women","Red","S"
"Embroidery Salwar Kameez","Ethnic Wear",2891,44,"Winter",3.7,"Women","Olive","XS"
"V-Neck Camisole","Tops",590,91,"Summer",4.5,"Women","Navy","XXL"
"Running Shorts","Sportswear",1550,59,"Autumn",4.3,"Unisex","Blue","S"
"Classic Cotton T-Shirt","Tops",837,36,"Spring",4.9,"Unisex","Green","S"
"Leather Chelsea Boots","Footwear",5771,34,"Summer",3.8,"Men","Pink","XXL"
"Strappy Sandals","Footwear",4802,73,"Spring",4.5,"Women","Grey","XS"
"Pleated Skirt","Bottoms",2012,35,"Summer",4.8,"Women","Black","XS"
"Crop Hooded Top","Tops",1159,66,"Spring",4.5,"Women","Red","Free"
"Pleated Skirt","Bottoms",1832,37,"Autumn",5.0,"Women","Blue","XS"
"Crop Hooded Top","Tops",1006,69,"Spring",4.2,"Women","Black","XL"
"Classic Cotton T-Shirt","Tops",1102,54,"Autumn",4.1,"Unisex","Beige","Free"
"Linen Button-up","Tops",974,64,"Autumn",3.7,"Men","Grey","XL"
"Oversized Fleece Hoodie","Outerwear",3392,59,"Spring",4.9,"Unisex","Black","L"
"Activewear Joggers","Sportswear",1167,42,"Spring",3.7,"Unisex","Pink","L"
"Leather Chelsea Boots","Footwear",2500,42,"Summer",4.2,"Men","Navy","XS"
"Compression Gym Tee","Sportswear",1208,56,"Autumn",3.9,"Men","Yellow","XL"
"Slim Fit Polo Shirt","Tops",991,76,"Spring",3.8,"Men","Grey","M"
"Embroidery Salwar Kameez","Ethnic Wear",4220,71,"Autumn",4.2,"Women","Olive","XS"
"Cargo Utility Pants","Bottoms",2435,50,"Winter",4.0,"Men","Black","XS"
"Compression Gym Tee","Sportswear",1431,70,"Summer",4.8,"Men","Navy","XXL"
"Classic Cotton T-Shirt","Tops",1140,57,"Spring",4.6,"Unisex","Grey","L"
"Strappy Sandals","Footwear",1523,43,"Winter",4.5,"Women","Green","XS"
"Slim Fit Polo Shirt","Tops",587,75,"Spring",4.8,"Men","Navy","XXL"
"V-Neck Camisole","Tops",445,100,"Summer",5.0,"Women","White","XS"
"Running Shorts","Sportswear",1406,29,"Winter",4.5,"Unisex","Grey","Free"
"Running Shorts","Sportswear",1427,51,"Spring",4.3,"Unisex","Blue","L"
"Chino Trousers","Bottoms",1449,88,"Autumn",3.7,"Men","Pink","XL"
"Linen Shorts","Bottoms",1293,84,"Summer",4.6,"Unisex","Beige","Free"
"Running Shorts","Sportswear",1545,85,"Summer",4.9,"Unisex","Grey","M"
"Running Shorts","Sportswear",1513,88,"Summer",4.7,"Unisex","White","XS"
"Running Shorts","Sportswear",1286,50,"Summer",4.8,"Unisex","Black","XS"
"V-Neck Camisole","Tops",989,37,"Winter",4.5,"Women","Yellow","XL"
"Compression Gym Tee","Sportswear",1250,79,"Autumn",4.3,"Men","Green","Free"
"V-Neck Camisole","Tops",313,83,"Spring",4.7,"Women","Blue","Free"
"Slim Fit Denim Jeans","Bottoms",1822,37,"Summer",5.0,"Unisex","Yellow","XS"
"Slim Fit Polo Shirt","Tops",993,83,"Autumn",3.6,"Men","Blue","XXL"
"Trench Coat","Outerwear",1949,67,"Winter",4.9,"Unisex","White","M"
"Slim Fit Denim Jeans","Bottoms",2439,100,"Winter",4.6,"Unisex","Black","L"
"Leather Chelsea Boots","Footwear",6844,100,"Winter",4.2,"Men","Yellow","L"
"Linen Summer Dress","Dresses",2374,51,"Autumn",4.6,"Women","Beige","S"
"Classic Cotton T-Shirt","Tops",1158,72,"Autumn",3.9,"Unisex","Navy","Free"
"Slim Fit Polo Shirt","Tops",344,46,"Winter",4.5,"Men","Beige","L"
"Floral Print Saree","Ethnic Wear",1217,81,"Summer",4.5,"Women","White","XL"
"Activewear Joggers","Sportswear",1281,82,"Spring",4.8,"Unisex","Beige","M"
"Classic Canvas Sneakers","Footwear",1373,71,"Autumn",4.8,"Unisex","Black","XL"
"Wrap Midi Dress","Dresses",1219,44,"Winter",4.6,"Women","Red","L"
"Linen Summer Dress","Dresses",4876,45,"Winter",5.0,"Women","Yellow","Free"
"Trench Coat","Outerwear",4333,43,"Summer",4.8,"Unisex","Beige","L"
"Floral Sundress","Dresses",4706,24,"Winter",4.2,"Women","Navy","Free"
"V-Neck Camisole","Tops",457,39,"Spring",4.5,"Women","Black","S"
"Silk Kurta Pajama","Ethnic Wear",2584,100,"Spring",4.3,"Men","Yellow","XXL"
"Floral Sundress","Dresses",4343,84,"Summer",4.9,"Women","Red","L"
"Lace-up Formal Shoes","Footwear",2809,43,"Summer",4.5,"Men","Pink","L"
"Embroidery Salwar Kameez","Ethnic Wear",2873,78,"Autumn",4.1,"Women","White","Free"
"Floral Sundress","Dresses",3069,56,"Autumn",4.0,"Women","Green","L"
"Linen Button-up","Tops",419,67,"Winter",3.7,"Men","Olive","M"
"Linen Button-up","Tops",695,85,"Spring",4.1,"Men","Blue","XXL"
"Casual Denim Jacket","Outerwear",1542,77,"Autumn",4.1,"Unisex","Grey","S"
"Activewear Joggers","Sportswear",1535,100,"Autumn",3.8,"Unisex","Beige","M"
"Linen Shorts","Bottoms",1282,41,"Winter",4.9,"Unisex","Blue","XL"
"Classic Canvas Sneakers","Footwear",3341,77,"Autumn",4.1,"Unisex","Red","L"
"Silk Party Gown","Dresses",4840,49,"Summer",4.1,"Women","Beige","L"
"Lace-up Formal Shoes","Footwear",3220,53,"Spring",3.8,"Men","White","S"
"Classic Cotton T-Shirt","Tops",968,28,"Winter",4.3,"Unisex","Pink","M"
"Knitted Sweater Vest","Outerwear",3578,94,"Autumn",4.9,"Unisex","Navy","M"
"Activewear Joggers","Sportswear",1211,54,"Winter",3.9,"Unisex","Olive","L"
"Floral Print Saree","Ethnic Wear",2854,68,"Winter",4.5,"Women","White","L"
"Silk Party Gown","Dresses",2799,46,"Spring",4.2,"Women","Navy","XS"
"Running Shorts","Sportswear",1344,62,"Autumn",4.7,"Unisex","Green","Free"
"Silk Party Gown","Dresses",1860,61,"Autumn",3.7,"Women","Yellow","Free"
"Cargo Utility Pants","Bottoms",1001,82,"Winter",4.6,"Men","Blue","Free"
"Slim Fit Denim Jeans","Bottoms",1161,26,"Summer",4.2,"Unisex","Red","L"
"Leather Chelsea Boots","Footwear",2193,43,"Summer",4.7,"Men","Pink","XXL"
"Casual Denim Jacket","Outerwear",4144,100,"Winter",4.4,"Unisex","Beige","S"
"Embroidery Salwar Kameez","Ethnic Wear",5794,68,"Summer",4.9,"Women","Yellow","M"
"Silk Kurta Pajama","Ethnic Wear",4793,99,"Spring",4.4,"Men","Red","XS"
"Trench Coat","Outerwear",1943,85,"Winter",4.8,"Unisex","Beige","L"
"Classic Canvas Sneakers","Footwear",3911,84,"Autumn",3.8,"Unisex","Red","Free"
"Trench Coat","Outerwear",1881,46,"Summer",3.9,"Unisex","Black","XS"
"Silk Party Gown","Dresses",4550,58,"Autumn",4.5,"Women","Olive","XS"
"Classic Canvas Sneakers","Footwear",4062,60,"Winter",4.5,"Unisex","Pink","XL"
"Strappy Sandals","Footwear",6582,64,"Autumn",4.7,"Women","Yellow","XS"
"Lace-up Formal Shoes","Footwear",2205,60,"Spring",4.7,"Men","Blue","Free"
"Anarkali Kurti","Ethnic Wear",1285,48,"Summer",3.7,"Women","Yellow","XL"
"Classic Canvas Sneakers","Footwear",4215,50,"Summer",4.2,"Unisex","White","S"
"Activewear Joggers","Sportswear",1294,39,"Spring",4.4,"Unisex","White","Free"
"Silk Kurta Pajama","Ethnic Wear",4180,97,"Spring",4.9,"Men","Pink","XXL"
"Compression Gym Tee","Sportswear",930,37,"Winter",4.4,"Men","Black","L"
"Slim Fit Denim Jeans","Bottoms",2290,31,"Summer",4.7,"Unisex","Red","Free"
"V-Neck Camisole","Tops",623,25,"Winter",4.1,"Women","Green","Free"
"Floral Sundress","Dresses",2948,74,"Spring",3.8,"Women","Blue","XXL"
"Silk Party Gown","Dresses",3933,40,"Spring",3.9,"Women","Black","XL"
"Chino Trousers","Bottoms",1233,39,"Winter",3.6,"Men","Beige","L"
"Cargo Utility Pants","Bottoms",1336,48,"Winter",4.3,"Men","Navy","S"
"Chino Trousers","Bottoms",1919,38,"Winter",4.8,"Men","Green","XL"
"Oversized Fleece Hoodie","Outerwear",1621,55,"Autumn",4.8,"Unisex","Pink","XL"
"Anarkali Kurti","Ethnic Wear",1875,50,"Spring",3.8,"Women","Green","L"
"Floral Print Saree","Ethnic Wear",5627,74,"Spring",3.8,"Women","Red","S"
"Oversized Fleece Hoodie","Outerwear",2780,40,"Summer",4.4,"Unisex","Beige","M"
"Floral Print Saree","Ethnic Wear",2706,100,"Spring",4.4,"Women","White","S"
"Oversized Fleece Hoodie","Outerwear",1985,84,"Winter",4.2,"Unisex","Grey","XXL"
"Knitted Sweater Vest","Outerwear",1761,70,"Spring",4.9,"Unisex","Blue","S"
"Linen Button-up","Tops",353,49,"Winter",3.7,"Men","Black","XL"
"Slim Fit Polo Shirt","Tops",536,40,"Autumn",3.9,"Men","Yellow","XXL"
"Linen Shorts","Bottoms",1309,56,"Summer",4.8,"Unisex","Red","XXL"
"Lace-up Formal Shoes","Footwear",3209,40,"Winter",5.0,"Men","Blue","M"
"Classic Canvas Sneakers","Footwear",6816,100,"Spring",4.7,"Unisex","White","S"
"Trench Coat","Outerwear",2110,57,"Winter",4.0,"Unisex","Grey","L"
"Leather Chelsea Boots","Footwear",5077,48,"Summer",4.8,"Men","Green","Free"
"Floral Print Saree","Ethnic Wear",5575,67,"Winter",3.9,"Women","Green","XXL"
"Activewear Joggers","Sportswear",1405,40,"Spring",4.1,"Unisex","Green","S"
"Floral Print Saree","Ethnic Wear",4256,69,"Winter",4.6,"Women","Yellow","XXL"
"Silk Party Gown","Dresses",1939,95,"Winter",3.7,"Women","Pink","XL"
"Cargo Utility Pants","Bottoms",1672,79,"Winter",4.8,"Men","Pink","XL"
"Compression Gym Tee","Sportswear",1292,32,"Winter",4.2,"Men","Grey","XXL"
"Anarkali Kurti","Ethnic Wear",4834,51,"Autumn",4.1,"Women","Yellow","L"
"Classic Cotton T-Shirt","Tops",919,100,"Summer",4.5,"Unisex","Green","XXL"
"Trench Coat","Outerwear",3169,80,"Spring",5.0,"Unisex","Pink","S"
"Slim Fit Denim Jeans","Bottoms",2393,48,"Summer",4.4,"Unisex","Green","S"
"Wrap Midi Dress","Dresses",2764,41,"Summer",4.7,"Women","Black","XL"
"Trench Coat","Outerwear",4483,46,"Autumn",4.5,"Unisex","Beige","M"
"Floral Print Saree","Ethnic Wear",3819,47,"Summer",4.0,"Women","Olive","XL"
"Silk Party Gown","Dresses",2527,36,"Autumn",4.8,"Women","Pink","Free"
"Oversized Fleece Hoodie","Outerwear",1699,67,"Spring",4.8,"Unisex","Yellow","L"
"Linen Summer Dress","Dresses",4186,52,"Spring",3.9,"Women","Red","XL"
"Crop Hooded Top","Tops",587,64,"Summer",4.8,"Women","Blue","XXL"
"Linen Button-up","Tops",456,50,"Summer",4.5,"Men","Red","M"
"Compression Gym Tee","Sportswear",667,59,"Autumn",5.0,"Men","Black","S"
"Compression Gym Tee","Sportswear",1765,55,"Autumn",4.8,"Men","Beige","S"
"Knitted Sweater Vest","Outerwear",4337,88,"Autumn",4.1,"Unisex","Green","XL"
"Cargo Utility Pants","Bottoms",2355,64,"Spring",4.4,"Men","Yellow","M"
"Chino Trousers","Bottoms",1932,52,"Autumn",3.9,"Men","Grey","Free"
"Chino Trousers","Bottoms",1538,63,"Winter",4.8,"Men","Navy","XXL"
"Linen Summer Dress","Dresses",4603,41,"Winter",4.1,"Women","Yellow","XL"
"Linen Summer Dress","Dresses",3286,76,"Autumn",4.2,"Women","Yellow","XXL"
"Classic Canvas Sneakers","Footwear",4544,40,"Autumn",4.7,"Unisex","Navy","S"
"Cargo Utility Pants","Bottoms",1055,100,"Spring",4.0,"Men","Yellow","XL"
"Classic Canvas Sneakers","Footwear",3657,59,"Spring",3.7,"Unisex","Yellow","L"
"Embroidery Salwar Kameez","Ethnic Wear",2640,67,"Spring",4.8,"Women","Red","XL"
"Embroidery Salwar Kameez","Ethnic Wear",5603,44,"Winter",3.7,"Women","Yellow","XL"
"Linen Shorts","Bottoms",1122,47,"Winter",4.7,"Unisex","Navy","XS"
"Silk Kurta Pajama","Ethnic Wear",2039,80,"Autumn",4.5,"Men","Black","XS"
"Oversized Fleece Hoodie","Outerwear",4178,82,"Spring",4.7,"Unisex","Black","XXL"
"Pleated Skirt","Bottoms",2184,67,"Spring",4.8,"Women","Beige","XXL"
"Pleated Skirt","Bottoms",1528,63,"Winter",3.6,"Women","Blue","Free"
"Pleated Skirt","Bottoms",1777,45,"Winter",3.8,"Women","Olive","M"
"Running Shorts","Sportswear",542,43,"Winter",3.9,"Unisex","Green","M"
"Oversized Fleece Hoodie","Outerwear",4293,45,"Spring",4.8,"Unisex","Blue","XXL"
"Compression Gym Tee","Sportswear",842,42,"Autumn",3.8,"Men","White","XS"
"Activewear Joggers","Sportswear",1600,48,"Spring",4.5,"Unisex","Navy","L"
"Slim Fit Denim Jeans","Bottoms",1010,35,"Spring",4.0,"Unisex","Blue","Free"
"Classic Canvas Sneakers","Footwear",4308,67,"Summer",4.9,"Unisex","Green","M"
"Silk Party Gown","Dresses",4372,57,"Spring",4.8,"Women","Olive","M"
"Trench Coat","Outerwear",1666,57,"Winter",4.8,"Unisex","Blue","XL"
"Linen Summer Dress","Dresses",4056,69,"Spring",4.7,"Women","Green","XXL"
"Linen Shorts","Bottoms",1189,87,"Summer",5.0,"Unisex","Olive","M"
"Silk Party Gown","Dresses",1492,91,"Winter",3.9,"Women","White","L"
"Compression Gym Tee","Sportswear",1727,49,"Winter",3.9,"Men","Yellow","Free"
"Silk Party Gown","Dresses",2968,61,"Autumn",3.8,"Women","Black","L"
"Slim Fit Denim Jeans","Bottoms",916,56,"Autumn",3.7,"Unisex","Green","S"
"Anarkali Kurti","Ethnic Wear",5033,100,"Spring",4.7,"Women","Olive","Free"
"Running Shorts","Sportswear",1262,33,"Winter",3.8,"Unisex","Grey","XXL"
"Linen Button-up","Tops",523,51,"Summer",3.8,"Men","Beige","M"
"Cargo Utility Pants","Bottoms",1156,54,"Winter",3.8,"Men","Yellow","M"
"Anarkali Kurti","Ethnic Wear",932,58,"Summer",4.1,"Women","Grey","XS"
"Linen Summer Dress","Dresses",1289,94,"Summer",4.9,"Women","Green","XXL"
"Chino Trousers","Bottoms",1566,83,"Autumn",4.5,"Men","Yellow","XL"
"Silk Party Gown","Dresses",4281,43,"Spring",4.0,"Women","White","XL"
"Running Shorts","Sportswear",1459,47,"Winter",4.2,"Unisex","Green","L"
"Classic Canvas Sneakers","Footwear",4163,53,"Spring",4.4,"Unisex","Red","XXL"
"Strappy Sandals","Footwear",6642,82,"Autumn",4.7,"Women","Beige","XS"
"Lace-up Formal Shoes","Footwear",5260,40,"Winter",3.7,"Men","Olive","Free"
"Floral Sundress","Dresses",3869,46,"Spring",4.7,"Women","Pink","XL"
"Casual Denim Jacket","Outerwear",1996,64,"Autumn",4.9,"Unisex","Navy","L"
"Linen Shorts","Bottoms",1546,46,"Autumn",4.6,"Unisex","Green","Free"
"Activewear Joggers","Sportswear",1111,81,"Spring",3.7,"Unisex","Beige","M"
"Pleated Skirt","Bottoms",2498,39,"Autumn",4.7,"Women","Olive","S"
"Activewear Joggers","Sportswear",1205,52,"Summer",4.2,"Unisex","Green","XXL"
"Wrap Midi Dress","Dresses",1500,74,"Spring",4.9,"Women","Blue","XL"
"Embroidery Salwar Kameez","Ethnic Wear",4316,47,"Summer",4.9,"Women","Green","XS"
"Floral Sundress","Dresses",2387,74,"Autumn",4.7,"Women","Olive","S"
"Knitted Sweater Vest","Outerwear",3217,76,"Spring",4.9,"Unisex","White","XS"
"Activewear Joggers","Sportswear",1140,42,"Spring",3.6,"Unisex","Yellow","XS"
"V-Neck Camisole","Tops",951,23,"Winter",3.6,"Women","Grey","S"
"Casual Denim Jacket","Outerwear",1766,32,"Summer",4.4,"Unisex","Red","XXL"
"V-Neck Camisole","Tops",721,76,"Spring",4.8,"Women","White","L"
"Slim Fit Polo Shirt","Tops",1178,31,"Winter",4.7,"Men","Black","S"
"Crop Hooded Top","Tops",1011,76,"Winter",4.6,"Women","Blue","M"
"Running Shorts","Sportswear",1262,69,"Summer",4.0,"Unisex","Pink","XL"
"Lace-up Formal Shoes","Footwear",5593,69,"Autumn",3.6,"Men","Green","Free"
"Classic Cotton T-Shirt","Tops",432,78,"Spring",4.7,"Unisex","Red","M"
"Wrap Midi Dress","Dresses",2029,58,"Autumn",3.8,"Women","White","XS"
"Linen Button-up","Tops",407,81,"Winter",4.2,"Men","Blue","XXL"
"Strappy Sandals","Footwear",4998,41,"Spring",4.0,"Women","Blue","L"
"Silk Kurta Pajama","Ethnic Wear",1351,82,"Winter",3.6,"Men","Green","XXL"
"Anarkali Kurti","Ethnic Wear",4348,46,"Summer",4.2,"Women","Olive","S"
"Wrap Midi Dress","Dresses",2670,55,"Autumn",3.6,"Women","Navy","XL"
"Slim Fit Polo Shirt","Tops",1158,78,"Autumn",3.8,"Men","Blue","XL"
"Classic Canvas Sneakers","Footwear",2065,77,"Spring",3.6,"Unisex","Navy","Free"
"Lace-up Formal Shoes","Footwear",6738,44,"Winter",4.8,"Men","Blue","M"
"Floral Print Saree","Ethnic Wear",1139,45,"Autumn",4.1,"Women","Green","S"
"Floral Sundress","Dresses",3526,97,"Summer",4.0,"Women","Pink","L"
"V-Neck Camisole","Tops",987,73,"Summer",4.9,"Women","Black","XXL"
"Silk Party Gown","Dresses",3994,70,"Spring",4.7,"Women","White","S"
"Knitted Sweater Vest","Outerwear",1619,66,"Winter",3.7,"Unisex","White","XXL"
"Casual Denim Jacket","Outerwear",1773,71,"Autumn",5.0,"Unisex","Blue","S"
"Casual Denim Jacket","Outerwear",2916,39,"Autumn",4.8,"Unisex","Pink","L"
"Running Shorts","Sportswear",1323,34,"Winter",5.0,"Unisex","Olive","XL"
"Knitted Sweater Vest","Outerwear",2564,59,"Winter",4.4,"Unisex","Yellow","S"
"Cargo Utility Pants","Bottoms",1092,47,"Autumn",4.3,"Men","Black","XXL"
"Strappy Sandals","Footwear",6490,60,"Autumn",4.1,"Women","Beige","XS"
"Floral Print Saree","Ethnic Wear",2583,64,"Summer",4.8,"Women","Green","Free"
"Wrap Midi Dress","Dresses",1611,56,"Winter",4.7,"Women","Black","L"
"Trench Coat","Outerwear",3688,45,"Spring",4.8,"Unisex","Black","Free"
"Silk Party Gown","Dresses",2386,62,"Autumn",4.0,"Women","Black","Free"
"Chino Trousers","Bottoms",1953,100,"Autumn",4.0,"Men","Grey","S"
"Chino Trousers","Bottoms",1230,57,"Summer",5.0,"Men","Pink","Free"
"Knitted Sweater Vest","Outerwear",1786,37,"Winter",4.8,"Unisex","Yellow","XL"
"Trench Coat","Outerwear",1985,31,"Summer",3.8,"Unisex","White","XL"
"Floral Sundress","Dresses",3746,46,"Autumn",3.6,"Women","Blue","M"
"Embroidery Salwar Kameez","Ethnic Wear",3093,62,"Spring",4.2,"Women","Black","XXL"
"Slim Fit Denim Jeans","Bottoms",920,68,"Autumn",4.4,"Unisex","Green","XL"
"Classic Cotton T-Shirt","Tops",390,21,"Winter",3.9,"Unisex","Navy","L"
"Floral Print Saree","Ethnic Wear",2165,57,"Summer",3.6,"Women","Navy","S"
"Linen Button-up","Tops",342,100,"Spring",4.2,"Men","Green","Free"
"Activewear Joggers","Sportswear",1035,80,"Winter",4.3,"Unisex","Pink","Free"
"Running Shorts","Sportswear",1046,100,"Summer",3.7,"Unisex","Green","M"
"Linen Summer Dress","Dresses",4107,95,"Summer",4.3,"Women","Blue","XL"
"Floral Print Saree","Ethnic Wear",1361,63,"Summer",4.3,"Women","Black","S"
"Floral Print Saree","Ethnic Wear",1861,49,"Spring",4.1,"Women","Pink","XL"
"Oversized Fleece Hoodie","Outerwear",2207,64,"Winter",4.4,"Unisex","Blue","L"
"Activewear Joggers","Sportswear",1612,78,"Spring",3.6,"Unisex","Black","S"
"Linen Summer Dress","Dresses",4329,63,"Autumn",4.3,"Women","Green","XXL"
"Running Shorts","Sportswear",1508,76,"Autumn",3.9,"Unisex","Black","M"
"Cargo Utility Pants","Bottoms",2292,66,"Summer",4.1,"Men","Pink","L"
"Compression Gym Tee","Sportswear",1017,25,"Winter",4.3,"Men","Red","Free"
"Slim Fit Denim Jeans","Bottoms",2432,83,"Winter",3.8,"Unisex","Green","Free"
"Silk Party Gown","Dresses",4469,42,"Autumn",4.0,"Women","Pink","M"
"Activewear Joggers","Sportswear",1753,80,"Winter",4.6,"Unisex","Blue","S"
"Trench Coat","Outerwear",2414,63,"Winter",4.2,"Unisex","White","XL"
"Running Shorts","Sportswear",1665,48,"Spring",3.9,"Unisex","Grey","XXL"
"Wrap Midi Dress","Dresses",2167,72,"Summer",4.6,"Women","Black","M"
"Crop Hooded Top","Tops",905,75,"Spring",4.5,"Women","Green","M"
"Floral Sundress","Dresses",1515,45,"Winter",4.7,"Women","Blue","M"
"Floral Sundress","Dresses",2377,71,"Summer",4.7,"Women","Grey","XL"
"Oversized Fleece Hoodie","Outerwear",3748,25,"Summer",3.7,"Unisex","Beige","XXL"
"Linen Button-up","Tops",820,62,"Spring",4.7,"Men","Black","XL"
"Leather Chelsea Boots","Footwear",3343,46,"Summer",4.1,"Men","Black","M"
"Embroidery Salwar Kameez","Ethnic Wear",4006,67,"Winter",3.7,"Women","Black","XXL"
"Lace-up Formal Shoes","Footwear",4460,76,"Winter",5.0,"Men","Grey","S"
"Trench Coat","Outerwear",2030,79,"Spring",4.7,"Unisex","Beige","S"
"Chino Trousers","Bottoms",1159,69,"Summer",4.9,"Men","Green","S"
"Activewear Joggers","Sportswear",1004,55,"Winter",5.0,"Unisex","Navy","XL"
"Silk Kurta Pajama","Ethnic Wear",3569,84,"Winter",3.8,"Men","Blue","S"
"Anarkali Kurti","Ethnic Wear",4531,47,"Autumn",4.6,"Women","Olive","XXL"
"Linen Summer Dress","Dresses",1763,49,"Winter",3.9,"Women","Red","M"
"Linen Button-up","Tops",825,100,"Spring",4.5,"Men","Red","L"
"Oversized Fleece Hoodie","Outerwear",2771,50,"Summer",4.3,"Unisex","Green","S"
"Classic Canvas Sneakers","Footwear",2472,60,"Winter",3.9,"Unisex","White","Free"
"Embroidery Salwar Kameez","Ethnic Wear",5811,47,"Spring",4.4,"Women","Yellow","L"
"Strappy Sandals","Footwear",4046,36,"Spring",4.8,"Women","Red","XXL"
"Linen Button-up","Tops",936,52,"Spring",4.7,"Men","Red","S"
"Silk Party Gown","Dresses",3635,69,"Autumn",3.9,"Women","Olive","Free"
"Classic Cotton T-Shirt","Tops",1014,54,"Autumn",4.2,"Unisex","Black","XL"
"Cargo Utility Pants","Bottoms",2462,83,"Autumn",4.0,"Men","Black","XXL"
"Crop Hooded Top","Tops",725,65,"Spring",3.8,"Women","White","XXL"
"Slim Fit Polo Shirt","Tops",1173,95,"Summer",3.8,"Men","Beige","L"
"Activewear Joggers","Sportswear",1081,67,"Summer",3.9,"Unisex","Beige","Free"
"Anarkali Kurti","Ethnic Wear",4832,71,"Spring",4.9,"Women","Yellow","XL"
"Classic Cotton T-Shirt","Tops",1025,44,"Winter",3.7,"Unisex","Red","S"
"Chino Trousers","Bottoms",979,45,"Summer",3.7,"Men","Yellow","S"
"Linen Button-up","Tops",609,83,"Autumn",4.4,"Men","Grey","XXL"
"Strappy Sandals","Footwear",4304,47,"Autumn",4.2,"Women","White","Free"
"Knitted Sweater Vest","Outerwear",4304,63,"Autumn",3.6,"Unisex","White","S"
"Floral Sundress","Dresses",3353,68,"Spring",4.2,"Women","Pink","S"
"Crop Hooded Top","Tops",700,91,"Autumn",3.9,"Women","White","S"
"Strappy Sandals","Footwear",3973,51,"Autumn",4.3,"Women","Olive","Free"
"Linen Button-up","Tops",357,49,"Autumn",4.0,"Men","Navy","M"
"Slim Fit Polo Shirt","Tops",847,53,"Summer",4.5,"Men","Green","Free"
"Crop Hooded Top","Tops",1139,75,"Summer",4.7,"Women","Blue","S"
"Linen Button-up","Tops",806,79,"Autumn",4.4,"Men","Grey","XL"
"Silk Kurta Pajama","Ethnic Wear",3599,71,"Spring",3.6,"Men","White","L"
"Compression Gym Tee","Sportswear",1741,51,"Spring",4.2,"Men","Blue","M"
"V-Neck Camisole","Tops",382,70,"Spring",4.1,"Women","Red","S"
"Floral Sundress","Dresses",2593,57,"Summer",3.7,"Women","Olive","S"
"Leather Chelsea Boots","Footwear",1417,83,"Autumn",4.8,"Men","Olive","S"
"V-Neck Camisole","Tops",1082,56,"Summer",4.8,"Women","Yellow","XS"
"Silk Party Gown","Dresses",4295,62,"Winter",4.6,"Women","Green","L"
"Silk Kurta Pajama","Ethnic Wear",3389,71,"Autumn",4.7,"Men","Navy","L"
"Floral Print Saree","Ethnic Wear",3153,35,"Autumn",3.8,"Women","Blue","Free"
"Silk Kurta Pajama","Ethnic Wear",1930,74,"Autumn",3.7,"Men","Navy","S"
"Crop Hooded Top","Tops",715,76,"Spring",4.0,"Women","Black","XL"
"Chino Trousers","Bottoms",890,42,"Spring",3.9,"Men","Blue","L"
"Knitted Sweater Vest","Outerwear",2586,73,"Autumn",4.5,"Unisex","Grey","XS"
"Running Shorts","Sportswear",1198,75,"Spring",3.7,"Unisex","White","XXL"
"Chino Trousers","Bottoms",2173,54,"Winter",4.9,"Men","Olive","XL"
"Activewear Joggers","Sportswear",1375,83,"Spring",4.0,"Unisex","Green","M"
"Embroidery Salwar Kameez","Ethnic Wear",1807,53,"Spring",4.0,"Women","Navy","S"
"Strappy Sandals","Footwear",4776,87,"Summer",4.1,"Women","Navy","XL"
"Oversized Fleece Hoodie","Outerwear",3795,66,"Winter",4.4,"Unisex","Blue","XL"
"V-Neck Camisole","Tops",785,49,"Spring",3.7,"Women","Blue","Free"
"Classic Cotton T-Shirt","Tops",438,63,"Spring",4.3,"Unisex","Grey","XL"
"Slim Fit Polo Shirt","Tops",1150,58,"Spring",4.7,"Men","Red","Free"
"Activewear Joggers","Sportswear",1231,82,"Winter",3.8,"Unisex","Yellow","XXL"
"Oversized Fleece Hoodie","Outerwear",3511,80,"Winter",3.7,"Unisex","Grey","XL"
"Leather Chelsea Boots","Footwear",3101,46,"Summer",4.2,"Men","Red","M"
"Strappy Sandals","Footwear",6385,51,"Autumn",4.0,"Women","Beige","XL"
"Leather Chelsea Boots","Footwear",4381,83,"Spring",3.7,"Men","Navy","Free"
"V-Neck Camisole","Tops",348,48,"Spring",4.7,"Women","Grey","XS"
"Classic Cotton T-Shirt","Tops",636,85,"Summer",4.4,"Unisex","White","XXL"
"Silk Kurta Pajama","Ethnic Wear",4587,66,"Summer",4.0,"Men","Navy","S"
"Silk Party Gown","Dresses",4058,61,"Spring",3.9,"Women","Navy","XXL"
"Linen Shorts","Bottoms",1100,65,"Spring",4.1,"Unisex","Blue","XS"
"Linen Shorts","Bottoms",1517,49,"Summer",4.4,"Unisex","Red","XXL"
"Linen Button-up","Tops",763,38,"Summer",3.8,"Men","Olive","XS"
"Embroidery Salwar Kameez","Ethnic Wear",1092,47,"Spring",4.2,"Women","Pink","XL"
"Slim Fit Polo Shirt","Tops",1107,43,"Spring",4.2,"Men","Red","Free"
"Activewear Joggers","Sportswear",1102,59,"Winter",4.6,"Unisex","Blue","XS"
"Classic Cotton T-Shirt","Tops",848,41,"Autumn",4.5,"Unisex","Navy","XL"
"Running Shorts","Sportswear",811,100,"Summer",4.3,"Unisex","Green","L"
"Running Shorts","Sportswear",1221,38,"Winter",3.7,"Unisex","Yellow","L"
"Compression Gym Tee","Sportswear",622,84,"Spring",4.9,"Men","Pink","XS"
"Knitted Sweater Vest","Outerwear",3408,43,"Spring",4.1,"Unisex","Olive","M"
"Silk Kurta Pajama","Ethnic Wear",2502,99,"Spring",3.7,"Men","Pink","Free"
"Linen Button-up","Tops",345,55,"Spring",4.9,"Men","Yellow","XS"
"Trench Coat","Outerwear",3703,98,"Winter",5.0,"Unisex","Beige","L"
"Crop Hooded Top","Tops",770,81,"Summer",4.5,"Women","Green","XS"
"Lace-up Formal Shoes","Footwear",1441,77,"Spring",3.7,"Men","Blue","Free"
"Compression Gym Tee","Sportswear",989,61,"Autumn",3.8,"Men","Yellow","Free"
"Slim Fit Polo Shirt","Tops",361,91,"Summer",4.4,"Men","White","M"
"Casual Denim Jacket","Outerwear",4020,100,"Winter",4.1,"Unisex","Red","S"
"Trench Coat","Outerwear",4281,83,"Autumn",4.1,"Unisex","Blue","XS"
"Strappy Sandals","Footwear",2461,68,"Autumn",3.6,"Women","Yellow","Free"
"Compression Gym Tee","Sportswear",1630,64,"Summer",4.0,"Men","Navy","L"
"Strappy Sandals","Footwear",4259,100,"Summer",4.6,"Women","Red","S"
"Slim Fit Denim Jeans","Bottoms",2373,31,"Summer",3.7,"Unisex","Black","M"
"Chino Trousers","Bottoms",1475,35,"Summer",4.4,"Men","White","XXL"
"Strappy Sandals","Footwear",4986,82,"Autumn",3.9,"Women","Beige","M"
"Pleated Skirt","Bottoms",2130,76,"Autumn",4.9,"Women","Pink","L"
"Chino Trousers","Bottoms",2459,66,"Winter",4.3,"Men","Pink","XXL"
"Activewear Joggers","Sportswear",1555,47,"Summer",4.6,"Unisex","White","M"
"Pleated Skirt","Bottoms",2010,100,"Spring",4.8,"Women","Beige","S"
"Wrap Midi Dress","Dresses",1313,67,"Winter",4.9,"Women","White","L"
"Floral Print Saree","Ethnic Wear",4736,62,"Winter",4.5,"Women","Pink","XS"
"Slim Fit Polo Shirt","Tops",1183,49,"Summer",4.4,"Men","Pink","XS"
"Linen Shorts","Bottoms",847,58,"Spring",4.5,"Unisex","Navy","L"
"Floral Print Saree","Ethnic Wear",3186,98,"Spring",3.9,"Women","Grey","L"
"Silk Party Gown","Dresses",2279,62,"Autumn",4.3,"Women","Yellow","XL"
"Running Shorts","Sportswear",1710,84,"Autumn",4.8,"Unisex","White","XS"
"Slim Fit Polo Shirt","Tops",393,67,"Autumn",4.9,"Men","Navy","S"
"Strappy Sandals","Footwear",4932,81,"Autumn",4.4,"Women","Black","S"
"Floral Print Saree","Ethnic Wear",2286,36,"Winter",4.3,"Women","Black","XXL"
"Wrap Midi Dress","Dresses",1692,74,"Autumn",4.8,"Women","Red","Free"
"Linen Summer Dress","Dresses",1508,40,"Spring",4.0,"Women","Grey","L"
"Silk Party Gown","Dresses",1596,79,"Spring",3.7,"Women","Blue","M"
"Anarkali Kurti","Ethnic Wear",5430,60,"Winter",4.7,"Women","Navy","L"
"Floral Print Saree","Ethnic Wear",5931,69,"Winter",4.0,"Women","Black","XL"
"Cargo Utility Pants","Bottoms",1094,83,"Autumn",4.3,"Men","Blue","XL"
"Floral Sundress","Dresses",2523,49,"Winter",3.7,"Women","Blue","XL"
"Knitted Sweater Vest","Outerwear",3385,56,"Summer",3.8,"Unisex","Beige","XS"
"Wrap Midi Dress","Dresses",2751,41,"Summer",4.1,"Women","Blue","XXL"
"Floral Sundress","Dresses",3427,74,"Autumn",3.9,"Women","Green","L"
"Silk Party Gown","Dresses",1304,100,"Winter",3.6,"Women","White","XS"
"Classic Cotton T-Shirt","Tops",595,40,"Winter",4.1,"Unisex","Beige","XL"
"Floral Sundress","Dresses",3238,28,"Winter",3.9,"Women","Green","S"
"Embroidery Salwar Kameez","Ethnic Wear",4003,68,"Spring",5.0,"Women","Navy","L"
"Linen Shorts","Bottoms",1262,28,"Winter",4.3,"Unisex","Pink","M"
"V-Neck Camisole","Tops",1055,46,"Winter",3.9,"Women","Beige","S"
"Activewear Joggers","Sportswear",962,45,"Summer",3.7,"Unisex","Navy","Free"
"Compression Gym Tee","Sportswear",866,25,"Winter",4.9,"Men","Green","Free"
"Anarkali Kurti","Ethnic Wear",4859,42,"Winter",4.3,"Women","Pink","XXL"
"Slim Fit Denim Jeans","Bottoms",1072,41,"Summer",4.0,"Unisex","White","Free"
"Slim Fit Denim Jeans","Bottoms",1690,76,"Winter",4.6,"Unisex","Yellow","M"
"Slim Fit Polo Shirt","Tops",987,38,"Winter",4.2,"Men","Pink","L"
"Lace-up Formal Shoes","Footwear",3293,70,"Winter",4.4,"Men","Green","M"
"Pleated Skirt","Bottoms",2311,52,"Winter",3.6,"Women","Navy","XXL"
"Embroidery Salwar Kameez","Ethnic Wear",3599,95,"Autumn",3.8,"Women","Grey","L"
"Leather Chelsea Boots","Footwear",3206,53,"Winter",4.2,"Men","Red","M"
"Compression Gym Tee","Sportswear",1125,40,"Spring",4.6,"Men","Yellow","XS"
"Trench Coat","Outerwear",1568,84,"Autumn",4.8,"Unisex","Pink","XXL"
"Wrap Midi Dress","Dresses",4041,47,"Winter",3.8,"Women","White","Free"
"Wrap Midi Dress","Dresses",2253,36,"Autumn",4.9,"Women","Black","L"
"Casual Denim Jacket","Outerwear",1540,83,"Autumn",3.8,"Unisex","Beige","S"
"Knitted Sweater Vest","Outerwear",2812,73,"Winter",3.9,"Unisex","Black","XS"
"Running Shorts","Sportswear",641,40,"Winter",4.4,"Unisex","Green","S"
"Running Shorts","Sportswear",744,71,"Autumn",4.2,"Unisex","Red","XL"
"Crop Hooded Top","Tops",765,74,"Summer",3.8,"Women","Red","XXL"
"Leather Chelsea Boots","Footwear",1905,100,"Winter",4.9,"Men","Beige","XS"
"Silk Kurta Pajama","Ethnic Wear",5267,73,"Autumn",3.7,"Men","Navy","Free"
"Floral Sundress","Dresses",2402,75,"Spring",4.9,"Women","Blue","M"
"Crop Hooded Top","Tops",453,51,"Winter",3.7,"Women","White","Free"
"Lace-up Formal Shoes","Footwear",4026,73,"Summer",3.7,"Men","Navy","XS"
"Anarkali Kurti","Ethnic Wear",1552,41,"Winter",4.1,"Women","Green","Free"
"Activewear Joggers","Sportswear",1665,100,"Autumn",4.2,"Unisex","Olive","XS"
"V-Neck Camisole","Tops",401,49,"Summer",4.9,"Women","Beige","Free"
"Anarkali Kurti","Ethnic Wear",2064,49,"Winter",4.3,"Women","Grey","M"
"Casual Denim Jacket","Outerwear",3967,65,"Autumn",4.7,"Unisex","White","XXL"
"Slim Fit Polo Shirt","Tops",1189,100,"Summer",4.6,"Men","Navy","XXL"
"Lace-up Formal Shoes","Footwear",2910,45,"Summer",4.6,"Men","Black","L"
"Running Shorts","Sportswear",1169,22,"Winter",3.9,"Unisex","Blue","XS"
"Slim Fit Polo Shirt","Tops",521,80,"Spring",4.4,"Men","Olive","M"
"Floral Sundress","Dresses",2817,33,"Winter",3.8,"Women","Yellow","XXL"
"Oversized Fleece Hoodie","Outerwear",3752,37,"Summer",4.5,"Unisex","Green","M"
"Classic Canvas Sneakers","Footwear",4311,79,"Autumn",4.0,"Unisex","Olive","Free"
"Trench Coat","Outerwear",4189,49,"Spring",4.5,"Unisex","Navy","XXL"
"Slim Fit Denim Jeans","Bottoms",1690,100,"Winter",4.2,"Unisex","Yellow","M"
"Trench Coat","Outerwear",2932,58,"Autumn",4.1,"Unisex","Pink","Free"
"Running Shorts","Sportswear",1240,34,"Winter",4.0,"Unisex","Grey","M"
"Silk Party Gown","Dresses",4725,44,"Summer",4.8,"Women","Black","L"
"Anarkali Kurti","Ethnic Wear",3532,100,"Spring",4.7,"Women","Green","Free"
"Lace-up Formal Shoes","Footwear",3328,100,"Autumn",4.6,"Men","Yellow","S"
"Running Shorts","Sportswear",1080,66,"Autumn",3.8,"Unisex","Navy","S"
"Embroidery Salwar Kameez","Ethnic Wear",3080,44,"Spring",4.4,"Women","Blue","XS"
"V-Neck Camisole","Tops",729,51,"Autumn",4.7,"Women","White","XXL"
"Floral Sundress","Dresses",3981,51,"Autumn",4.5,"Women","Blue","XL"
"Oversized Fleece Hoodie","Outerwear",1925,95,"Winter",5.0,"Unisex","Yellow","L"
"Crop Hooded Top","Tops",378,66,"Autumn",4.8,"Women","Yellow","Free"
"Wrap Midi Dress","Dresses",2352,54,"Autumn",3.9,"Women","Blue","XL"
"Wrap Midi Dress","Dresses",4203,84,"Summer",4.9,"Women","Grey","L"
"Leather Chelsea Boots","Footwear",1972,22,"Summer",4.4,"Men","Beige","XL"
"Floral Sundress","Dresses",1214,100,"Summer",4.5,"Women","Grey","M"
"Silk Party Gown","Dresses",1264,36,"Autumn",4.5,"Women","Yellow","M"
"Strappy Sandals","Footwear",1354,46,"Winter",4.1,"Women","White","S"
"Embroidery Salwar Kameez","Ethnic Wear",4008,44,"Winter",5.0,"Women","Pink","XXL"
"Anarkali Kurti","Ethnic Wear",2003,100,"Spring",4.1,"Women","Black","XL"
"Linen Summer Dress","Dresses",2814,55,"Autumn",4.6,"Women","Olive","XL"
"Leather Chelsea Boots","Footwear",2670,37,"Summer",3.7,"Men","Grey","XS"
"Activewear Joggers","Sportswear",514,65,"Winter",4.5,"Unisex","Pink","L"
"Knitted Sweater Vest","Outerwear",3007,81,"Summer",4.4,"Unisex","Red","S"
"Linen Shorts","Bottoms",2255,42,"Spring",4.3,"Unisex","Yellow","Free"
"Leather Chelsea Boots","Footwear",2790,50,"Autumn",3.9,"Men","Yellow","XL"
"V-Neck Camisole","Tops",745,83,"Autumn",4.8,"Women","Grey","M"
"Linen Summer Dress","Dresses",3620,81,"Spring",3.8,"Women","White","S"
"Wrap Midi Dress","Dresses",2191,64,"Summer",4.8,"Women","Navy","S"
"Knitted Sweater Vest","Outerwear",1673,50,"Winter",4.4,"Unisex","Navy","XS"
"Silk Kurta Pajama","Ethnic Wear",3171,62,"Autumn",5.0,"Men","Yellow","M"
"Linen Summer Dress","Dresses",3212,91,"Summer",3.6,"Women","Grey","M"
"Embroidery Salwar Kameez","Ethnic Wear",1989,60,"Spring",4.4,"Women","Blue","XXL"
"Linen Shorts","Bottoms",2282,100,"Summer",4.3,"Unisex","Black","XS"
"Chino Trousers","Bottoms",1773,92,"Autumn",4.4,"Men","Black","XXL"
"Linen Summer Dress","Dresses",4162,65,"Spring",4.3,"Women","Yellow","M"
"Running Shorts","Sportswear",1119,35,"Winter",4.1,"Unisex","Beige","XS"
"Casual Denim Jacket","Outerwear",1704,48,"Spring",4.6,"Unisex","Pink","S"
"Floral Sundress","Dresses",1752,63,"Autumn",4.8,"Women","Black","L"
"Slim Fit Polo Shirt","Tops",305,48,"Spring",4.3,"Men","Red","XL"
"Compression Gym Tee","Sportswear",980,28,"Winter",3.7,"Men","Pink","XXL"
"V-Neck Camisole","Tops",1187,99,"Summer",4.7,"Women","Pink","L"
"Trench Coat","Outerwear",3763,45,"Spring",4.0,"Unisex","Beige","L"
"Linen Shorts","Bottoms",2048,42,"Spring",4.3,"Unisex","Beige","L"
"Linen Button-up","Tops",356,66,"Summer",4.4,"Men","Pink","S"
"Knitted Sweater Vest","Outerwear",1536,69,"Summer",4.0,"Unisex","Beige","XXL"
"Embroidery Salwar Kameez","Ethnic Wear",2395,49,"Summer",4.9,"Women","Red","XS"
"Slim Fit Denim Jeans","Bottoms",1399,39,"Autumn",4.3,"Unisex","Olive","S"
"Strappy Sandals","Footwear",3017,41,"Spring",4.3,"Women","Yellow","L"
"Cargo Utility Pants","Bottoms",921,76,"Winter",4.4,"Men","Green","S"
"Lace-up Formal Shoes","Footwear",5940,84,"Winter",3.6,"Men","Black","Free"
"Casual Denim Jacket","Outerwear",3319,55,"Autumn",4.5,"Unisex","Black","XXL"
"Linen Shorts","Bottoms",1454,39,"Autumn",3.7,"Unisex","Yellow","S"
"Anarkali Kurti","Ethnic Wear",5939,50,"Summer",3.9,"Women","Pink","M"
"Trench Coat","Outerwear",3137,44,"Summer",4.8,"Unisex","Grey","M"
"V-Neck Camisole","Tops",758,83,"Autumn",3.7,"Women","Black","L"
"Oversized Fleece Hoodie","Outerwear",4051,46,"Spring",4.4,"Unisex","Black","XL"
"Embroidery Salwar Kameez","Ethnic Wear",3792,51,"Winter",3.7,"Women","Blue","Free"
"Anarkali Kurti","Ethnic Wear",2847,46,"Winter",3.7,"Women","Green","S"
"V-Neck Camisole","Tops",347,68,"Autumn",3.7,"Women","Olive","Free"
"Linen Summer Dress","Dresses",3396,48,"Autumn",4.4,"Women","Blue","XXL"
"Linen Summer Dress","Dresses",3857,67,"Summer",4.5,"Women","Grey","Free"
"Trench Coat","Outerwear",2686,29,"Summer",4.4,"Unisex","Green","S"
"Running Shorts","Sportswear",738,32,"Winter",4.6,"Unisex","White","XL"
"Slim Fit Denim Jeans","Bottoms",983,100,"Winter",4.7,"Unisex","Beige","Free"
"Floral Print Saree","Ethnic Wear",4936,42,"Winter",4.1,"Women","White","S"
"Knitted Sweater Vest","Outerwear",2275,45,"Summer",4.9,"Unisex","Red","XS"
"Classic Canvas Sneakers","Footwear",4604,46,"Summer",4.1,"Unisex","Green","Free"
"Running Shorts","Sportswear",1000,56,"Autumn",4.0,"Unisex","Grey","XL"
"Crop Hooded Top","Tops",1051,49,"Summer",4.6,"Women","White","XL"
"Knitted Sweater Vest","Outerwear",2919,41,"Summer",4.1,"Unisex","Olive","L"
"Activewear Joggers","Sportswear",703,80,"Summer",4.5,"Unisex","Green","M"
"V-Neck Camisole","Tops",1130,31,"Winter",4.2,"Women","Black","XL"
"Floral Sundress","Dresses",4236,47,"Autumn",3.7,"Women","Black","M"
"Running Shorts","Sportswear",926,41,"Winter",3.9,"Unisex","Beige","L"
"Trench Coat","Outerwear",1896,56,"Winter",4.9,"Unisex","Blue","XS"
"Strappy Sandals","Footwear",5460,69,"Autumn",3.8,"Women","Pink","L"
"Chino Trousers","Bottoms",987,94,"Autumn",4.2,"Men","Yellow","S"
"Knitted Sweater Vest","Outerwear",4274,100,"Autumn",4.0,"Unisex","Red","Free"
"Slim Fit Polo Shirt","Tops",1102,100,"Summer",3.9,"Men","White","S"
"Pleated Skirt","Bottoms",1352,78,"Autumn",3.9,"Women","Navy","S"
"Classic Cotton T-Shirt","Tops",1179,59,"Summer",4.4,"Unisex","Olive","L"
"Slim Fit Denim Jeans","Bottoms",1637,81,"Spring",3.7,"Unisex","Beige","XS"
"Trench Coat","Outerwear",1882,76,"Autumn",4.4,"Unisex","Pink","Free"
"Linen Button-up","Tops",999,69,"Summer",4.3,"Men","Green","M"
"Trench Coat","Outerwear",2235,76,"Winter",4.1,"Unisex","Yellow","L"
"Floral Sundress","Dresses",3693,25,"Winter",4.6,"Women","Olive","Free"
"Silk Kurta Pajama","Ethnic Wear",3464,45,"Winter",4.9,"Men","Beige","S"
"Wrap Midi Dress","Dresses",1889,80,"Autumn",5.0,"Women","Olive","XS"
"Trench Coat","Outerwear",3571,33,"Summer",3.8,"Unisex","Grey","XS"
"Silk Kurta Pajama","Ethnic Wear",1721,83,"Summer",4.8,"Men","Blue","L"
"Silk Kurta Pajama","Ethnic Wear",5607,67,"Spring",4.4,"Men","White","XS"
"Activewear Joggers","Sportswear",1389,64,"Autumn",4.6,"Unisex","Blue","XXL"
"Classic Canvas Sneakers","Footwear",5402,35,"Autumn",3.7,"Unisex","Navy","Free"
"Trench Coat","Outerwear",3747,98,"Winter",4.9,"Unisex","Red","XS"
"Trench Coat","Outerwear",2624,29,"Summer",4.7,"Unisex","Olive","XXL"
"Silk Party Gown","Dresses",3534,35,"Autumn",4.3,"Women","Blue","XL"
"Casual Denim Jacket","Outerwear",4232,80,"Winter",4.5,"Unisex","Green","XL"
"Floral Sundress","Dresses",1505,46,"Spring",3.9,"Women","Navy","L"
"Classic Canvas Sneakers","Footwear",1510,72,"Autumn",4.8,"Unisex","Yellow","XXL"
"Trench Coat","Outerwear",4160,67,"Autumn",4.7,"Unisex","Blue","Free"
"Classic Canvas Sneakers","Footwear",1492,67,"Autumn",3.9,"Unisex","Beige","Free"
"Wrap Midi Dress","Dresses",1910,41,"Autumn",4.8,"Women","Beige","L"
"Anarkali Kurti","Ethnic Wear",4805,67,"Autumn",4.6,"Women","Grey","XS"
"Anarkali Kurti","Ethnic Wear",2325,54,"Summer",4.8,"Women","Beige","M"
"Trench Coat","Outerwear",3883,49,"Winter",4.4,"Unisex","Green","XL"
"Slim Fit Denim Jeans","Bottoms",2031,36,"Autumn",3.9,"Unisex","Navy","XS"
"Linen Shorts","Bottoms",1270,37,"Winter",4.5,"Unisex","Olive","XL"
"Slim Fit Denim Jeans","Bottoms",2005,21,"Summer",5.0,"Unisex","Yellow","L"
"Leather Chelsea Boots","Footwear",2311,46,"Spring",4.3,"Men","Yellow","XXL"
"Cargo Utility Pants","Bottoms",1322,38,"Autumn",3.9,"Men","Yellow","XS"
"Oversized Fleece Hoodie","Outerwear",3664,35,"Autumn",4.3,"Unisex","Pink","XXL"
"Activewear Joggers","Sportswear",1322,79,"Summer",4.7,"Unisex","Beige","XS"
"V-Neck Camisole","Tops",976,39,"Autumn",3.8,"Women","Navy","XXL"
"Floral Sundress","Dresses",3770,100,"Summer",3.8,"Women","Beige","Free"
"Activewear Joggers","Sportswear",517,48,"Winter",4.7,"Unisex","White","M"
"Classic Canvas Sneakers","Footwear",2786,63,"Winter",4.2,"Unisex","Olive","XL"
"Classic Canvas Sneakers","Footwear",4841,70,"Summer",4.6,"Unisex","Olive","S"
"Silk Party Gown","Dresses",4031,52,"Spring",4.4,"Women","Blue","L"
"Linen Summer Dress","Dresses",4443,37,"Winter",3.6,"Women","Blue","S"
"Running Shorts","Sportswear",1268,21,"Winter",3.9,"Unisex","Green","L"
"Silk Kurta Pajama","Ethnic Wear",4024,100,"Spring",4.9,"Men","Navy","XXL"
"Strappy Sandals","Footwear",6803,43,"Winter",4.1,"Women","Olive","XXL"
"Floral Sundress","Dresses",3358,70,"Summer",4.4,"Women","Olive","S"
"Floral Sundress","Dresses",3581,83,"Summer",4.1,"Women","Navy","Free"
"Embroidery Salwar Kameez","Ethnic Wear",2861,75,"Winter",4.0,"Women","Green","XXL"
"Classic Cotton T-Shirt","Tops",797,68,"Autumn",4.1,"Unisex","Green","XL"
"Knitted Sweater Vest","Outerwear",4420,69,"Spring",4.2,"Unisex","Grey","XL"
"Running Shorts","Sportswear",1277,63,"Summer",4.3,"Unisex","Pink","XXL"
"Cargo Utility Pants","Bottoms",1006,100,"Spring",4.4,"Men","Green","XL"
"Wrap Midi Dress","Dresses",2668,48,"Winter",4.2,"Women","Red","Free"
"Compression Gym Tee","Sportswear",835,53,"Spring",4.4,"Men","Black","M"
"Trench Coat","Outerwear",4488,36,"Spring",5.0,"Unisex","Black","XS"
"Leather Chelsea Boots","Footwear",2662,73,"Autumn",4.3,"Men","Green","XS"
"Compression Gym Tee","Sportswear",1242,41,"Spring",4.4,"Men","White","M"
"Embroidery Salwar Kameez","Ethnic Wear",2228,72,"Winter",4.1,"Women","Blue","M"
"Leather Chelsea Boots","Footwear",5362,49,"Autumn",4.5,"Men","Blue","XXL"
"Classic Canvas Sneakers","Footwear",2681,82,"Winter",4.4,"Unisex","White","L"
"Trench Coat","Outerwear",3977,100,"Winter",4.6,"Unisex","Yellow","XL"
"Floral Sundress","Dresses",3103,61,"Autumn",4.2,"Women","Olive","Free"
"Slim Fit Denim Jeans","Bottoms",1720,77,"Winter",3.9,"Unisex","Navy","L"
"Leather Chelsea Boots","Footwear",6028,80,"Winter",3.7,"Men","Grey","XS"
"Activewear Joggers","Sportswear",882,59,"Summer",4.7,"Unisex","Pink","S"
"Classic Canvas Sneakers","Footwear",3534,54,"Winter",4.7,"Unisex","Navy","Free"
"Oversized Fleece Hoodie","Outerwear",4160,100,"Winter",4.1,"Unisex","Grey","XS"
"Compression Gym Tee","Sportswear",901,31,"Winter",4.0,"Men","Black","XL"
"Floral Sundress","Dresses",3950,91,"Summer",4.0,"Women","Olive","XS"
"Trench Coat","Outerwear",3917,75,"Autumn",4.5,"Unisex","Beige","S"
"Silk Kurta Pajama","Ethnic Wear",4686,70,"Spring",3.8,"Men","Navy","XXL"
"Compression Gym Tee","Sportswear",1533,55,"Summer",3.7,"Men","Black","Free"
"Chino Trousers","Bottoms",1886,71,"Spring",4.3,"Men","Blue","XXL"
"Embroidery Salwar Kameez","Ethnic Wear",1044,76,"Autumn",4.1,"Women","Grey","S"
"V-Neck Camisole","Tops",322,22,"Winter",4.4,"Women","Red","Free"
"Floral Print Saree","Ethnic Wear",5998,80,"Winter",4.4,"Women","Red","XS"
"Linen Button-up","Tops",1149,72,"Winter",4.3,"Men","Olive","XS"
"Embroidery Salwar Kameez","Ethnic Wear",2232,40,"Winter",4.4,"Women","Beige","M"
"Running Shorts","Sportswear",1113,92,"Summer",3.7,"Unisex","Pink","XL"
"Anarkali Kurti","Ethnic Wear",3341,59,"Autumn",4.8,"Women","Red","L"
"Lace-up Formal Shoes","Footwear",4978,82,"Summer",4.4,"Men","White","Free"
"Anarkali Kurti","Ethnic Wear",1306,43,"Winter",4.0,"Women","Grey","Free"
"Activewear Joggers","Sportswear",1455,83,"Spring",4.3,"Unisex","Beige","XL"
"Activewear Joggers","Sportswear",996,63,"Winter",3.9,"Unisex","Green","L"
"Slim Fit Denim Jeans","Bottoms",2014,100,"Winter",4.6,"Unisex","White","XXL"
"Pleated Skirt","Bottoms",1909,58,"Autumn",4.3,"Women","White","Free"
"Pleated Skirt","Bottoms",2018,62,"Summer",3.9,"Women","Beige","XS"
"Lace-up Formal Shoes","Footwear",3730,35,"Spring",4.8,"Men","Black","XXL"
"Knitted Sweater Vest","Outerwear",1649,48,"Winter",5.0,"Unisex","Blue","XL"
"Knitted Sweater Vest","Outerwear",3523,65,"Summer",4.3,"Unisex","Green","L"
"Crop Hooded Top","Tops",1103,82,"Summer",4.3,"Women","Green","M"
"Compression Gym Tee","Sportswear",813,41,"Winter",4.7,"Men","Blue","XXL"
"Silk Kurta Pajama","Ethnic Wear",5477,68,"Summer",4.6,"Men","Black","M"
"Activewear Joggers","Sportswear",1689,100,"Autumn",4.6,"Unisex","Grey","XXL"
"Casual Denim Jacket","Outerwear",3556,76,"Winter",4.9,"Unisex","Olive","Free"
"Lace-up Formal Shoes","Footwear",6094,53,"Winter",4.0,"Men","Grey","Free"
"Lace-up Formal Shoes","Footwear",1576,68,"Winter",4.8,"Men","Olive","S"
"Oversized Fleece Hoodie","Outerwear",1667,38,"Summer",4.5,"Unisex","Red","XL"
"Classic Cotton T-Shirt","Tops",826,53,"Summer",4.8,"Unisex","Navy","XXL"
"Wrap Midi Dress","Dresses",2142,69,"Spring",3.6,"Women","White","XS"
"Slim Fit Denim Jeans","Bottoms",2085,71,"Winter",3.7,"Unisex","Blue","XXL"
"Running Shorts","Sportswear",1277,37,"Winter",4.2,"Unisex","Grey","S"
"Silk Kurta Pajama","Ethnic Wear",2566,59,"Summer",3.8,"Men","Black","L"
"Leather Chelsea Boots","Footwear",6531,55,"Winter",4.5,"Men","Olive","XL"
"V-Neck Camisole","Tops",960,100,"Summer",4.5,"Women","Olive","XXL"
"Running Shorts","Sportswear",1757,28,"Winter",3.8,"Unisex","Beige","XS"
"Floral Print Saree","Ethnic Wear",4774,44,"Autumn",3.8,"Women","Beige","M"
"Knitted Sweater Vest","Outerwear",3593,47,"Summer",4.0,"Unisex","Red","XXL"
"Activewear Joggers","Sportswear",834,43,"Winter",4.3,"Unisex","Grey","M"
"Activewear Joggers","Sportswear",1361,36,"Winter",3.7,"Unisex","Black","L"
"Casual Denim Jacket","Outerwear",2737,67,"Autumn",5.0,"Unisex","Pink","L"
"Casual Denim Jacket","Outerwear",3896,78,"Winter",3.8,"Unisex","Beige","Free"
"Linen Button-up","Tops",324,100,"Spring",3.8,"Men","Grey","S"
"Linen Summer Dress","Dresses",2303,50,"Winter",4.7,"Women","Black","XXL"
"Floral Sundress","Dresses",2809,39,"Spring",4.4,"Women","Pink","XS"
"Slim Fit Polo Shirt","Tops",852,67,"Autumn",4.3,"Men","Olive","S"
"Linen Summer Dress","Dresses",4623,70,"Spring",4.4,"Women","Navy","XL"
"Silk Kurta Pajama","Ethnic Wear",3323,56,"Spring",4.8,"Men","Green","XS"
"Cargo Utility Pants","Bottoms",831,44,"Summer",4.7,"Men","Red","M"
"Trench Coat","Outerwear",4453,58,"Autumn",4.3,"Unisex","Red","S"
"Chino Trousers","Bottoms",1323,78,"Autumn",4.6,"Men","Green","L"
"Slim Fit Polo Shirt","Tops",301,42,"Winter",3.7,"Men","White","XS"
"Classic Cotton T-Shirt","Tops",648,77,"Autumn",4.9,"Unisex","Olive","L"
"Oversized Fleece Hoodie","Outerwear",4421,78,"Autumn",3.7,"Unisex","Beige","S"
"Pleated Skirt","Bottoms",2183,60,"Spring",4.4,"Women","Blue","XS"
"Oversized Fleece Hoodie","Outerwear",1531,49,"Autumn",4.2,"Unisex","Green","XXL"
"Classic Cotton T-Shirt","Tops",1052,38,"Winter",4.8,"Unisex","Green","M"
"Slim Fit Polo Shirt","Tops",440,35,"Spring",3.7,"Men","Yellow","XL"
"Floral Sundress","Dresses",2769,75,"Autumn",4.4,"Women","Grey","XXL"
"Anarkali Kurti","Ethnic Wear",3448,66,"Spring",3.7,"Women","Yellow","S"
"Wrap Midi Dress","Dresses",4984,37,"Autumn",3.9,"Women","Yellow","Free"
"Linen Button-up","Tops",618,52,"Winter",4.5,"Men","Green","XXL"
"Linen Summer Dress","Dresses",4390,41,"Autumn",4.5,"Women","Pink","S"
"Crop Hooded Top","Tops",598,84,"Autumn",4.2,"Women","Blue","S"
"Compression Gym Tee","Sportswear",1001,80,"Summer",3.6,"Men","Green","XXL"
"Running Shorts","Sportswear",816,37,"Winter",4.9,"Unisex","Red","XS"
"V-Neck Camisole","Tops",785,61,"Autumn",4.3,"Women","Olive","XL"
"Slim Fit Polo Shirt","Tops",758,26,"Winter",4.4,"Men","Blue","M"
"Trench Coat","Outerwear",2813,22,"Summer",5.0,"Unisex","White","S"
"Floral Print Saree","Ethnic Wear",3975,79,"Winter",4.4,"Women","Olive","S"
"Trench Coat","Outerwear",3139,35,"Autumn",5.0,"Unisex","Black","M"
"Slim Fit Polo Shirt","Tops",658,56,"Summer",4.4,"Men","Yellow","Free"
"Trench Coat","Outerwear",3456,51,"Spring",4.4,"Unisex","Red","XL"
"Leather Chelsea Boots","Footwear",2423,38,"Autumn",4.8,"Men","Beige","Free"
"Silk Kurta Pajama","Ethnic Wear",3641,91,"Spring",4.5,"Men","Beige","Free"
"Floral Sundress","Dresses",4323,36,"Spring",3.6,"Women","Grey","M"
"Strappy Sandals","Footwear",1537,26,"Winter",4.9,"Women","White","XXL"
"Leather Chelsea Boots","Footwear",5625,68,"Spring",4.2,"Men","Beige","XS"
"Lace-up Formal Shoes","Footwear",5032,62,"Autumn",3.7,"Men","Pink","XXL"
"Linen Summer Dress","Dresses",3689,43,"Winter",4.0,"Women","Grey","S"
"Crop Hooded Top","Tops",702,44,"Spring",4.5,"Women","Black","L"
"Silk Kurta Pajama","Ethnic Wear",1919,56,"Spring",4.1,"Men","Green","XL"
"Cargo Utility Pants","Bottoms",1804,72,"Summer",4.9,"Men","Red","XXL"
"Embroidery Salwar Kameez","Ethnic Wear",3962,100,"Autumn",4.5,"Women","Black","XS"
"Wrap Midi Dress","Dresses",3150,100,"Spring",4.9,"Women","Blue","XXL"
"Anarkali Kurti","Ethnic Wear",3358,50,"Spring",4.1,"Women","Black","XL"
"Running Shorts","Sportswear",1122,40,"Winter",4.5,"Unisex","Navy","S"
"Silk Party Gown","Dresses",2375,28,"Summer",5.0,"Women","Pink","XS"
"Slim Fit Denim Jeans","Bottoms",841,79,"Spring",4.0,"Unisex","Yellow","XS"
"Anarkali Kurti","Ethnic Wear",4978,57,"Winter",4.3,"Women","Green","L"
"Leather Chelsea Boots","Footwear",6801,68,"Autumn",4.2,"Men","Red","XL"
"V-Neck Camisole","Tops",537,60,"Spring",3.8,"Women","Red","L"
"Crop Hooded Top","Tops",333,77,"Spring",4.9,"Women","Red","S"
"Strappy Sandals","Footwear",6738,25,"Winter",4.5,"Women","Beige","M"
"Leather Chelsea Boots","Footwear",4253,100,"Winter",4.0,"Men","Olive","XS"
"Floral Sundress","Dresses",2616,98,"Summer",4.8,"Women","Pink","L"
"Chino Trousers","Bottoms",1079,70,"Spring",4.4,"Men","Yellow","L"
"Floral Print Saree","Ethnic Wear",4316,100,"Spring",4.3,"Women","Green","XS"
"Activewear Joggers","Sportswear",774,74,"Summer",5.0,"Unisex","Blue","Free"
"Anarkali Kurti","Ethnic Wear",3735,68,"Summer",4.7,"Women","White","S"
"Chino Trousers","Bottoms",2398,62,"Winter",4.6,"Men","Blue","L"
"Knitted Sweater Vest","Outerwear",4126,70,"Spring",4.7,"Unisex","White","S"
"Embroidery Salwar Kameez","Ethnic Wear",4308,35,"Summer",4.3,"Women","Pink","S"
"Linen Button-up","Tops",473,48,"Summer",4.3,"Men","Blue","M"
"Cargo Utility Pants","Bottoms",1434,100,"Spring",4.9,"Men","White","XL"
"Floral Sundress","Dresses",4117,41,"Winter",4.9,"Women","Pink","M"
"Strappy Sandals","Footwear",4588,46,"Autumn",3.7,"Women","Red","XS"
"Lace-up Formal Shoes","Footwear",6442,71,"Autumn",4.7,"Men","Beige","L"
"Casual Denim Jacket","Outerwear",2609,75,"Autumn",3.6,"Unisex","Navy","XL"
"Activewear Joggers","Sportswear",1334,60,"Spring",4.0,"Unisex","Blue","M"
"Classic Cotton T-Shirt","Tops",750,32,"Winter",4.1,"Unisex","Olive","S"
"Crop Hooded Top","Tops",547,64,"Winter",4.7,"Women","Black","XS"
"Activewear Joggers","Sportswear",1629,57,"Winter",4.1,"Unisex","Olive","XXL"
"Oversized Fleece Hoodie","Outerwear",1861,49,"Autumn",4.7,"Unisex","Green","XS"
"Classic Cotton T-Shirt","Tops",476,22,"Winter",4.5,"Unisex","Olive","Free"
"Linen Shorts","Bottoms",1201,26,"Winter",4.1,"Unisex","Grey","L"
"Pleated Skirt","Bottoms",1435,76,"Spring",4.6,"Women","Yellow","S"
"Linen Summer Dress","Dresses",3443,57,"Autumn",4.9,"Women","Pink","Free"
"Silk Party Gown","Dresses",1409,56,"Autumn",4.5,"Women","Blue","S"
"Running Shorts","Sportswear",867,64,"Spring",3.9,"Unisex","Navy","L"
"Leather Chelsea Boots","Footwear",5236,43,"Summer",4.2,"Men","Pink","L"
"V-Neck Camisole","Tops",973,38,"Spring",4.1,"Women","White","XXL"
"Lace-up Formal Shoes","Footwear",3015,71,"Summer",4.2,"Men","Grey","XL"
"Lace-up Formal Shoes","Footwear",1709,71,"Spring",3.7,"Men","Red","XXL"
"Linen Button-up","Tops",591,59,"Autumn",4.3,"Men","Blue","S"
"Linen Summer Dress","Dresses",4295,64,"Autumn",4.5,"Women","Grey","XXL"
"Compression Gym Tee","Sportswear",1255,94,"Summer",4.0,"Men","Olive","M"
"Knitted Sweater Vest","Outerwear",2986,59,"Spring",3.7,"Unisex","Green","XL"
"Trench Coat","Outerwear",2858,38,"Spring",4.5,"Unisex","Yellow","Free"
"Cargo Utility Pants","Bottoms",2316,58,"Summer",4.8,"Men","Navy","L"
"Casual Denim Jacket","Outerwear",3405,56,"Winter",4.1,"Unisex","Red","XS"
"Strappy Sandals","Footwear",1281,74,"Summer",4.7,"Women","Pink","XL"
"Strappy Sandals","Footwear",2312,48,"Autumn",3.9,"Women","Black","M"
"Trench Coat","Outerwear",3710,26,"Summer",4.6,"Unisex","Olive","Free"
"Compression Gym Tee","Sportswear",1356,27,"Winter",4.0,"Men","Pink","S"
"Pleated Skirt","Bottoms",2079,66,"Winter",4.7,"Women","Red","Free"
"Oversized Fleece Hoodie","Outerwear",3324,91,"Winter",4.8,"Unisex","Green","M"
"Activewear Joggers","Sportswear",996,75,"Winter",3.7,"Unisex","Red","XXL"
"Running Shorts","Sportswear",768,73,"Summer",4.3,"Unisex","White","XXL"
"Embroidery Salwar Kameez","Ethnic Wear",3401,62,"Winter",3.8,"Women","Red","XXL"
"Classic Cotton T-Shirt","Tops",523,97,"Summer",3.7,"Unisex","Black","XS"
"Anarkali Kurti","Ethnic Wear",2419,72,"Summer",4.4,"Women","Yellow","Free"
"Classic Canvas Sneakers","Footwear",4716,68,"Summer",3.7,"Unisex","Yellow","XS"
"Running Shorts","Sportswear",1548,50,"Autumn",4.2,"Unisex","White","M"
"Compression Gym Tee","Sportswear",1482,28,"Winter",5.0,"Men","Red","S"
"Knitted Sweater Vest","Outerwear",2635,36,"Winter",3.7,"Unisex","Beige","XXL"
"Floral Sundress","Dresses",1551,47,"Autumn",4.7,"Women","Olive","XS"
"Pleated Skirt","Bottoms",1992,38,"Autumn",4.1,"Women","Black","Free"
"Floral Sundress","Dresses",1516,40,"Winter",4.6,"Women","Beige","M"
"Floral Print Saree","Ethnic Wear",1351,40,"Winter",4.5,"Women","Black","XXL"
"V-Neck Camisole","Tops",922,22,"Winter",3.7,"Women","Olive","XL"
"Knitted Sweater Vest","Outerwear",2568,77,"Spring",3.8,"Unisex","Red","Free"
"Embroidery Salwar Kameez","Ethnic Wear",2861,60,"Winter",3.7,"Women","Navy","XS"
"Cargo Utility Pants","Bottoms",2409,56,"Summer",3.9,"Men","Grey","M"
"Wrap Midi Dress","Dresses",2785,94,"Spring",4.2,"Women","Olive","M"
"Casual Denim Jacket","Outerwear",2020,100,"Winter",4.0,"Unisex","Pink","L"
"Strappy Sandals","Footwear",2355,59,"Summer",3.9,"Women","Green","M"
"Activewear Joggers","Sportswear",751,80,"Autumn",4.4,"Unisex","Red","M"
"Casual Denim Jacket","Outerwear",4482,70,"Spring",4.5,"Unisex","Blue","M"
"Trench Coat","Outerwear",4017,62,"Spring",4.9,"Unisex","Olive","XL"
"V-Neck Camisole","Tops",304,75,"Autumn",4.5,"Women","Pink","XXL"
"Slim Fit Denim Jeans","Bottoms",1470,54,"Autumn",4.1,"Unisex","Yellow","S"
"Classic Canvas Sneakers","Footwear",5531,61,"Autumn",4.8,"Unisex","Olive","XS"
"Linen Shorts","Bottoms",2140,44,"Winter",3.8,"Unisex","Beige","M"
"Floral Sundress","Dresses",1965,80,"Spring",3.9,"Women","Black","XXL"
"Wrap Midi Dress","Dresses",1568,55,"Spring",4.7,"Women","Green","M"
"Linen Summer Dress","Dresses",4278,78,"Autumn",4.5,"Women","Blue","L"
"Wrap Midi Dress","Dresses",4556,78,"Winter",3.7,"Women","Pink","S"
"Trench Coat","Outerwear",2756,57,"Winter",4.4,"Unisex","Beige","M"
"Wrap Midi Dress","Dresses",3597,100,"Spring",3.7,"Women","Beige","S"
"Slim Fit Polo Shirt","Tops",332,57,"Summer",3.7,"Men","Blue","Free"
"Anarkali Kurti","Ethnic Wear",1516,69,"Autumn",4.7,"Women","Yellow","XS"
"Cargo Utility Pants","Bottoms",2099,81,"Summer",4.4,"Men","Navy","XL"
"Leather Chelsea Boots","Footwear",4634,36,"Spring",4.2,"Men","White","XS"
"Silk Kurta Pajama","Ethnic Wear",3804,95,"Spring",4.0,"Men","Red","XXL"
"Floral Sundress","Dresses",3661,82,"Spring",4.7,"Women","Olive","S"
"Chino Trousers","Bottoms",1183,60,"Autumn",4.2,"Men","White","L"
"Trench Coat","Outerwear",3711,81,"Autumn",4.6,"Unisex","Grey","S"
"Floral Sundress","Dresses",4960,94,"Summer",5.0,"Women","Red","S"
"Compression Gym Tee","Sportswear",862,71,"Summer",4.0,"Men","Black","L"
"Anarkali Kurti","Ethnic Wear",1108,58,"Winter",4.3,"Women","Pink","S"
"Silk Kurta Pajama","Ethnic Wear",2947,83,"Summer",3.7,"Men","Navy","S"
"Classic Canvas Sneakers","Footwear",3135,58,"Summer",3.9,"Unisex","Pink","XL"
"Slim Fit Denim Jeans","Bottoms",2449,94,"Winter",4.6,"Unisex","Red","XXL"
"Cargo Utility Pants","Bottoms",1384,47,"Winter",4.3,"Men","Pink","XXL"
"Classic Cotton T-Shirt","Tops",578,64,"Summer",3.9,"Unisex","Pink","Free"
"Knitted Sweater Vest","Outerwear",1848,41,"Spring",3.7,"Unisex","Grey","XS"
"Lace-up Formal Shoes","Footwear",4673,58,"Winter",4.5,"Men","White","S"
"Strappy Sandals","Footwear",6622,81,"Summer",4.2,"Women","Yellow","L"
"Embroidery Salwar Kameez","Ethnic Wear",1583,100,"Autumn",4.0,"Women","Yellow","XS"
"Strappy Sandals","Footwear",3229,82,"Autumn",4.6,"Women","White","L"
"Anarkali Kurti","Ethnic Wear",4419,66,"Autumn",4.7,"Women","Pink","S"
"Anarkali Kurti","Ethnic Wear",1802,74,"Winter",3.8,"Women","Blue","L"
"Activewear Joggers","Sportswear",846,41,"Spring",4.8,"Unisex","Yellow","XXL"
"Linen Summer Dress","Dresses",2087,65,"Spring",4.7,"Women","Beige","XS"
"Slim Fit Polo Shirt","Tops",972,50,"Summer",5.0,"Men","White","XL"
"Trench Coat","Outerwear",3129,80,"Autumn",4.0,"Unisex","Grey","S"
"Classic Canvas Sneakers","Footwear",4410,41,"Summer",4.9,"Unisex","Beige","XS"
"Lace-up Formal Shoes","Footwear",5538,43,"Spring",3.9,"Men","Navy","M"
"Linen Summer Dress","Dresses",1879,27,"Winter",4.0,"Women","Grey","M"
"Slim Fit Denim Jeans","Bottoms",1789,78,"Spring",4.8,"Unisex","Blue","S"
"Silk Kurta Pajama","Ethnic Wear",3472,84,"Summer",4.3,"Men","Blue","XS"
"Compression Gym Tee","Sportswear",578,88,"Summer",4.6,"Men","Yellow","L"
"Knitted Sweater Vest","Outerwear",2688,46,"Spring",4.8,"Unisex","Black","M"
"Wrap Midi Dress","Dresses",1606,78,"Summer",4.4,"Women","Beige","M"
"Slim Fit Polo Shirt","Tops",689,68,"Autumn",4.8,"Men","Blue","XS"
"Strappy Sandals","Footwear",3994,100,"Summer",4.1,"Women","Blue","S"
"Embroidery Salwar Kameez","Ethnic Wear",3977,63,"Autumn",4.7,"Women","Pink","M"
"Strappy Sandals","Footwear",6726,92,"Summer",3.9,"Women","Navy","L"
"Slim Fit Polo Shirt","Tops",566,79,"Autumn",4.5,"Men","Yellow","XS"
"Pleated Skirt","Bottoms",972,69,"Summer",4.0,"Women","Beige","XS"
"Linen Button-up","Tops",321,43,"Autumn",4.9,"Men","Olive","M"
"Linen Shorts","Bottoms",1144,51,"Autumn",3.9,"Unisex","Beige","XL"
"Cargo Utility Pants","Bottoms",1628,53,"Autumn",3.8,"Men","Olive","XXL"
"Lace-up Formal Shoes","Footwear",1887,73,"Summer",3.6,"Men","Black","XXL"
"Cargo Utility Pants","Bottoms",2373,81,"Spring",3.9,"Men","Olive","M"
"Leather Chelsea Boots","Footwear",6763,59,"Autumn",4.0,"Men","Grey","XL"
"Linen Shorts","Bottoms",1812,48,"Autumn",3.7,"Unisex","Green","M"
"Slim Fit Polo Shirt","Tops",954,84,"Autumn",3.9,"Men","Yellow","S"
"Knitted Sweater Vest","Outerwear",3767,78,"Autumn",4.1,"Unisex","Yellow","L"
"Embroidery Salwar Kameez","Ethnic Wear",1299,100,"Autumn",4.1,"Women","Red","L"
"Classic Cotton T-Shirt","Tops",588,45,"Winter",4.4,"Unisex","Beige","Free"
"Wrap Midi Dress","Dresses",1885,72,"Summer",4.3,"Women","Red","XL"
"Embroidery Salwar Kameez","Ethnic Wear",2974,80,"Winter",4.3,"Women","Green","Free"
"Classic Cotton T-Shirt","Tops",1119,41,"Autumn",4.3,"Unisex","Beige","XXL"
"Crop Hooded Top","Tops",912,80,"Spring",3.9,"Women","Olive","M"
"Strappy Sandals","Footwear",5776,57,"Autumn",4.1,"Women","Pink","XL"
"Silk Party Gown","Dresses",3218,48,"Spring",3.9,"Women","Beige","XS"
"Linen Summer Dress","Dresses",3846,64,"Autumn",3.8,"Women","Black","S"
"Trench Coat","Outerwear",4144,71,"Spring",3.7,"Unisex","Navy","S"
"Silk Party Gown","Dresses",4344,39,"Autumn",4.9,"Women","Black","XXL"
"Running Shorts","Sportswear",1492,48,"Autumn",4.2,"Unisex","Black","XXL"
"Activewear Joggers","Sportswear",1646,71,"Spring",4.1,"Unisex","Beige","XXL"
"Linen Summer Dress","Dresses",2311,39,"Autumn",4.3,"Women","Navy","Free"
"Classic Cotton T-Shirt","Tops",615,69,"Spring",4.2,"Unisex","Beige","Free"
"Silk Kurta Pajama","Ethnic Wear",4958,74,"Spring",4.1,"Men","Red","S"
"Trench Coat","Outerwear",3494,37,"Summer",4.8,"Unisex","Yellow","M"
"Linen Shorts","Bottoms",1940,59,"Spring",4.3,"Unisex","Red","L"
"Chino Trousers","Bottoms",1952,81,"Autumn",4.5,"Men","Green","XXL"
"Linen Summer Dress","Dresses",2580,68,"Spring",3.9,"Women","Beige","XL"
"Leather Chelsea Boots","Footwear",2809,48,"Autumn",5.0,"Men","Olive","M"
"Trench Coat","Outerwear",1798,73,"Autumn",3.9,"Unisex","Green","L"
"Slim Fit Denim Jeans","Bottoms",1981,39,"Autumn",3.8,"Unisex","Blue","S"
"Embroidery Salwar Kameez","Ethnic Wear",2400,81,"Summer",4.9,"Women","Grey","XL"
"Classic Cotton T-Shirt","Tops",515,51,"Spring",4.9,"Unisex","Blue","Free"
"Activewear Joggers","Sportswear",1741,76,"Summer",4.8,"Unisex","Red","Free"
"Running Shorts","Sportswear",968,81,"Spring",4.9,"Unisex","Yellow","XXL"
"Embroidery Salwar Kameez","Ethnic Wear",5754,100,"Autumn",4.8,"Women","White","XL"
"V-Neck Camisole","Tops",495,92,"Summer",3.7,"Women","White","S"
"Lace-up Formal Shoes","Footwear",4235,97,"Autumn",4.1,"Men","Pink","Free"
"Classic Canvas Sneakers","Footwear",2738,78,"Summer",3.7,"Unisex","Black","XL"
"Trench Coat","Outerwear",4153,100,"Winter",4.7,"Unisex","Green","XL"
"Leather Chelsea Boots","Footwear",6246,54,"Spring",4.0,"Men","Grey","Free"
"Classic Cotton T-Shirt","Tops",435,44,"Winter",4.0,"Unisex","White","Free"
"Floral Print Saree","Ethnic Wear",1501,84,"Spring",4.0,"Women","Beige","XS"
"Knitted Sweater Vest","Outerwear",2910,67,"Autumn",3.6,"Unisex","Grey","Free"
"Chino Trousers","Bottoms",2142,52,"Spring",4.5,"Men","Blue","S"
"Classic Cotton T-Shirt","Tops",841,55,"Autumn",4.7,"Unisex","Red","XS"
"Linen Summer Dress","Dresses",3328,55,"Summer",4.1,"Women","Beige","L"
"Silk Kurta Pajama","Ethnic Wear",3990,57,"Summer",3.9,"Men","Grey","S"
"Wrap Midi Dress","Dresses",4933,94,"Spring",3.7,"Women","Black","XS"
"Slim Fit Polo Shirt","Tops",851,58,"Autumn",3.7,"Men","Green","Free"
"Pleated Skirt","Bottoms",2360,62,"Summer",4.4,"Women","Pink","Free"
"Classic Canvas Sneakers","Footwear",3110,50,"Spring",3.6,"Unisex","Red","L"
"Oversized Fleece Hoodie","Outerwear",1678,74,"Autumn",4.5,"Unisex","Beige","L"
"Slim Fit Polo Shirt","Tops",319,100,"Summer",4.9,"Men","Beige","XXL"
"Cargo Utility Pants","Bottoms",1095,40,"Autumn",3.6,"Men","Navy","L"
"Linen Shorts","Bottoms",2145,65,"Spring",3.8,"Unisex","Yellow","XL"
"Embroidery Salwar Kameez","Ethnic Wear",3428,44,"Winter",4.9,"Women","Red","XXL"
"Compression Gym Tee","Sportswear",1092,56,"Autumn",4.6,"Men","White","XS"
"Activewear Joggers","Sportswear",873,50,"Summer",4.9,"Unisex","Navy","XS"
"Wrap Midi Dress","Dresses",4640,67,"Spring",4.1,"Women","Grey","XXL"
"Leather Chelsea Boots","Footwear",5938,71,"Spring",4.7,"Men","Green","L"
"Leather Chelsea Boots","Footwear",3869,68,"Spring",3.8,"Men","Yellow","L"
"Slim Fit Polo Shirt","Tops",464,42,"Spring",4.8,"Men","Olive","XS"
"Classic Canvas Sneakers","Footwear",6861,60,"Summer",4.2,"Unisex","Pink","L"
"Linen Summer Dress","Dresses",2596,83,"Autumn",4.1,"Women","Red","L"
"Silk Kurta Pajama","Ethnic Wear",1472,71,"Autumn",3.8,"Men","Yellow","S"
"Trench Coat","Outerwear",4438,46,"Summer",4.4,"Unisex","Navy","S"
"Cargo Utility Pants","Bottoms",1559,84,"Autumn",4.4,"Men","White","L"
"Running Shorts","Sportswear",946,60,"Autumn",3.7,"Unisex","Pink","L"
"Compression Gym Tee","Sportswear",1627,68,"Spring",4.2,"Men","Yellow","XL"
"Running Shorts","Sportswear",978,76,"Summer",4.7,"Unisex","Yellow","XXL"
"Floral Print Saree","Ethnic Wear",1908,56,"Autumn",4.3,"Women","Yellow","Free"
"Anarkali Kurti","Ethnic Wear",2311,63,"Winter",4.8,"Women","Blue","XXL"
"Knitted Sweater Vest","Outerwear",1566,42,"Summer",4.9,"Unisex","Black","L"
"Classic Canvas Sneakers","Footwear",5726,87,"Spring",4.4,"Unisex","Beige","S"
"Pleated Skirt","Bottoms",1815,50,"Autumn",4.4,"Women","Olive","XL"
"Trench Coat","Outerwear",2612,69,"Spring",4.0,"Unisex","Olive","XXL"
"Strappy Sandals","Footwear",2416,73,"Summer",4.1,"Women","Pink","L"
"Silk Kurta Pajama","Ethnic Wear",4830,81,"Autumn",3.8,"Men","Red","XS"
"Compression Gym Tee","Sportswear",1554,68,"Autumn",4.1,"Men","Blue","XXL"
"Slim Fit Polo Shirt","Tops",585,68,"Autumn",3.8,"Men","Blue","L"
"Running Shorts","Sportswear",1137,76,"Summer",5.0,"Unisex","Green","XS"
"Leather Chelsea Boots","Footwear",4340,69,"Spring",3.7,"Men","Pink","M"
"V-Neck Camisole","Tops",1178,84,"Autumn",4.8,"Women","Yellow","Free"
"Chino Trousers","Bottoms",2166,49,"Autumn",4.3,"Men","Black","XXL"
"Linen Summer Dress","Dresses",4434,67,"Autumn",5.0,"Women","Blue","L"
"Leather Chelsea Boots","Footwear",5478,77,"Autumn",4.9,"Men","Green","M"
"V-Neck Camisole","Tops",723,40,"Winter",4.5,"Women","Blue","XXL"
"Knitted Sweater Vest","Outerwear",2944,59,"Winter",4.9,"Unisex","Grey","XL"
"Lace-up Formal Shoes","Footwear",1255,56,"Autumn",4.3,"Men","Black","S"
"Classic Canvas Sneakers","Footwear",3226,94,"Spring",4.7,"Unisex","Blue","XS"
"Embroidery Salwar Kameez","Ethnic Wear",5582,68,"Summer",4.2,"Women","Black","XS"
"Classic Canvas Sneakers","Footwear",6434,51,"Autumn",4.9,"Unisex","Green","Free"
"Running Shorts","Sportswear",1619,98,"Summer",4.3,"Unisex","Navy","S"
"Activewear Joggers","Sportswear",1152,47,"Spring",4.0,"Unisex","Navy","M"
"Slim Fit Denim Jeans","Bottoms",1137,81,"Winter",4.3,"Unisex","Black","L"
"Running Shorts","Sportswear",533,35,"Autumn",3.8,"Unisex","Grey","M"
"Slim Fit Denim Jeans","Bottoms",1960,35,"Autumn",3.8,"Unisex","Blue","XS"
"Pleated Skirt","Bottoms",2040,71,"Summer",4.6,"Women","Blue","L"
"Compression Gym Tee","Sportswear",569,58,"Spring",3.7,"Men","Green","S"
"Slim Fit Polo Shirt","Tops",423,66,"Spring",3.6,"Men","Blue","L"
"Running Shorts","Sportswear",592,45,"Autumn",4.4,"Unisex","Blue","L"
"Silk Party Gown","Dresses",1629,69,"Spring",4.5,"Women","Beige","XXL"
"Linen Summer Dress","Dresses",4990,49,"Winter",4.3,"Women","White","S"
"Slim Fit Polo Shirt","Tops",359,81,"Spring",3.9,"Men","Blue","XS"
"Running Shorts","Sportswear",1768,100,"Summer",4.8,"Unisex","Green","M"
"Strappy Sandals","Footwear",5196,36,"Winter",5.0,"Women","Blue","L"
"Linen Summer Dress","Dresses",1724,48,"Spring",3.9,"Women","Yellow","XS"
"Classic Canvas Sneakers","Footwear",1482,74,"Autumn",4.8,"Unisex","Olive","XL"
"Silk Kurta Pajama","Ethnic Wear",4399,81,"Spring",3.6,"Men","Grey","L"
"Embroidery Salwar Kameez","Ethnic Wear",4639,100,"Autumn",4.9,"Women","Blue","S"
"Silk Party Gown","Dresses",3960,73,"Autumn",4.8,"Women","Olive","Free"
"Activewear Joggers","Sportswear",1616,100,"Autumn",4.7,"Unisex","Pink","Free"
"Floral Sundress","Dresses",4992,76,"Spring",4.9,"Women","Black","Free"
"Linen Button-up","Tops",515,82,"Winter",3.7,"Men","Green","L"
"Chino Trousers","Bottoms",1063,50,"Spring",5.0,"Men","Grey","XS"
"Embroidery Salwar Kameez","Ethnic Wear",5824,41,"Winter",3.9,"Women","Red","S"
"Casual Denim Jacket","Outerwear",1877,26,"Summer",3.9,"Unisex","White","M"
"Classic Canvas Sneakers","Footwear",4721,71,"Winter",3.8,"Unisex","Red","XXL"
"Activewear Joggers","Sportswear",645,75,"Summer",5.0,"Unisex","White","L"
"Wrap Midi Dress","Dresses",2014,59,"Spring",4.1,"Women","Pink","M"
"Floral Print Saree","Ethnic Wear",1475,77,"Winter",3.7,"Women","Navy","L"
"Running Shorts","Sportswear",844,32,"Winter",4.3,"Unisex","Beige","XXL"
"Silk Kurta Pajama","Ethnic Wear",1904,67,"Autumn",3.7,"Men","Pink","L"
"Cargo Utility Pants","Bottoms",2286,98,"Spring",4.4,"Men","Red","XS"
"Wrap Midi Dress","Dresses",2472,60,"Winter",3.7,"Women","Beige","XS"
"Pleated Skirt","Bottoms",1177,46,"Summer",4.2,"Women","Black","XS"
"Linen Button-up","Tops",315,38,"Autumn",4.8,"Men","White","XL"
"Compression Gym Tee","Sportswear",776,42,"Spring",4.5,"Men","Black","M"
"Strappy Sandals","Footwear",4110,40,"Winter",3.9,"Women","Black","S"
"Linen Button-up","Tops",920,39,"Autumn",4.5,"Men","Grey","XS"
"Casual Denim Jacket","Outerwear",3395,24,"Summer",4.0,"Unisex","Olive","Free"
"Knitted Sweater Vest","Outerwear",3396,37,"Summer",4.8,"Unisex","Pink","XS"
"Trench Coat","Outerwear",3010,69,"Autumn",4.2,"Unisex","Green","XL"
"Knitted Sweater Vest","Outerwear",1766,68,"Spring",4.5,"Unisex","Yellow","XL"
"Silk Kurta Pajama","Ethnic Wear",4487,60,"Autumn",4.6,"Men","White","XL"
"Crop Hooded Top","Tops",599,55,"Winter",4.0,"Women","Navy","XS"
"Embroidery Salwar Kameez","Ethnic Wear",5932,64,"Autumn",4.9,"Women","White","S"
"Linen Summer Dress","Dresses",1475,74,"Spring",4.6,"Women","Yellow","XS"
"Knitted Sweater Vest","Outerwear",3874,66,"Summer",4.2,"Unisex","White","S"
"Floral Sundress","Dresses",3702,51,"Spring",4.4,"Women","Black","XXL"
"Casual Denim Jacket","Outerwear",3386,34,"Summer",4.6,"Unisex","Navy","XS"
"Embroidery Salwar Kameez","Ethnic Wear",3523,98,"Autumn",4.4,"Women","Red","L"
"Classic Cotton T-Shirt","Tops",981,62,"Spring",4.0,"Unisex","Green","L"
"Lace-up Formal Shoes","Footwear",2077,79,"Spring",3.9,"Men","Pink","S"
"Lace-up Formal Shoes","Footwear",6226,50,"Winter",3.7,"Men","Navy","M"
"V-Neck Camisole","Tops",955,57,"Summer",3.9,"Women","Blue","Free"
"Compression Gym Tee","Sportswear",1758,67,"Summer",4.7,"Men","Beige","Free"
"Wrap Midi Dress","Dresses",4639,100,"Spring",4.5,"Women","Green","S"
"Chino Trousers","Bottoms",1340,74,"Winter",4.8,"Men","White","M"
"Activewear Joggers","Sportswear",526,71,"Summer",4.7,"Unisex","Blue","Free"
"Floral Sundress","Dresses",2699,70,"Autumn",3.9,"Women","Yellow","L"
"Activewear Joggers","Sportswear",563,70,"Summer",3.7,"Unisex","Olive","S"
"Silk Party Gown","Dresses",3719,35,"Summer",3.7,"Women","Green","L"
"Crop Hooded Top","Tops",511,41,"Spring",4.9,"Women","Black","XXL"
"Classic Canvas Sneakers","Footwear",2887,71,"Autumn",4.3,"Unisex","Navy","XXL"
"Activewear Joggers","Sportswear",508,41,"Summer",4.6,"Unisex","Olive","L"
"Silk Kurta Pajama","Ethnic Wear",2112,51,"Autumn",4.3,"Men","Beige","XS"
"Floral Print Saree","Ethnic Wear",3477,50,"Spring",4.4,"Women","Green","L"
"Classic Canvas Sneakers","Footwear",1714,46,"Summer",3.9,"Unisex","Red","M"
"Linen Summer Dress","Dresses",3954,40,"Autumn",4.1,"Women","Olive","XS"
"Wrap Midi Dress","Dresses",4615,74,"Winter",4.3,"Women","Black","L"
"Trench Coat","Outerwear",1701,67,"Spring",4.1,"Unisex","Red","XL"
"Slim Fit Denim Jeans","Bottoms",995,74,"Spring",4.2,"Unisex","Yellow","XXL"
"Oversized Fleece Hoodie","Outerwear",2677,35,"Autumn",4.7,"Unisex","Green","XS"
"V-Neck Camisole","Tops",776,49,"Winter",4.1,"Women","Yellow","XL"
"Pleated Skirt","Bottoms",1418,52,"Winter",3.6,"Women","White","M"
"Activewear Joggers","Sportswear",1727,36,"Spring",4.1,"Unisex","White","XS"
"Strappy Sandals","Footwear",5044,95,"Summer",4.6,"Women","Olive","XS"
"Lace-up Formal Shoes","Footwear",3976,73,"Autumn",4.8,"Men","Beige","S"
"Linen Summer Dress","Dresses",1235,49,"Summer",4.5,"Women","Beige","L"
"Linen Button-up","Tops",1005,99,"Spring",4.7,"Men","Beige","XS"
"Cargo Utility Pants","Bottoms",2221,97,"Spring",4.7,"Men","Pink","XS"
"Chino Trousers","Bottoms",1309,81,"Autumn",4.8,"Men","Navy","XS"
"Cargo Utility Pants","Bottoms",1369,53,"Spring",4.6,"Men","Yellow","M"
"Lace-up Formal Shoes","Footwear",4108,47,"Summer",3.8,"Men","Beige","M"
"V-Neck Camisole","Tops",982,76,"Summer",4.9,"Women","Beige","M"
"Floral Sundress","Dresses",1533,44,"Winter",4.3,"Women","White","Free"
"Lace-up Formal Shoes","Footwear",5865,57,"Summer",4.6,"Men","White","XXL"
"Embroidery Salwar Kameez","Ethnic Wear",2052,41,"Spring",4.5,"Women","Red","S"
"Lace-up Formal Shoes","Footwear",5699,62,"Winter",3.9,"Men","Blue","Free"
"Anarkali Kurti","Ethnic Wear",3733,62,"Summer",4.7,"Women","Blue","XS"
"Compression Gym Tee","Sportswear",674,41,"Autumn",4.7,"Men","Yellow","Free"
"Cargo Utility Pants","Bottoms",1729,66,"Summer",3.8,"Men","Black","XXL"
"Classic Cotton T-Shirt","Tops",451,100,"Summer",4.7,"Unisex","Grey","XL"
"Leather Chelsea Boots","Footwear",2226,69,"Winter",3.9,"Men","Grey","M"
"Floral Print Saree","Ethnic Wear",1276,69,"Spring",3.6,"Women","Blue","XL"
"Leather Chelsea Boots","Footwear",4740,68,"Autumn",4.6,"Men","Red","S"
"Oversized Fleece Hoodie","Outerwear",2637,39,"Summer",4.3,"Unisex","Beige","XXL"
"Running Shorts","Sportswear",1511,43,"Autumn",3.8,"Unisex","Black","Free"
"Floral Sundress","Dresses",1739,39,"Spring",4.6,"Women","Grey","Free"
"Leather Chelsea Boots","Footwear",3762,76,"Winter",3.9,"Men","Blue","S"
"Lace-up Formal Shoes","Footwear",6323,64,"Winter",5.0,"Men","Yellow","XXL"
"Leather Chelsea Boots","Footwear",2742,60,"Autumn",5.0,"Men","Olive","S"
"V-Neck Camisole","Tops",801,91,"Summer",4.1,"Women","Green","Free"
"Cargo Utility Pants","Bottoms",1696,59,"Autumn",3.7,"Men","Black","XS"
"Oversized Fleece Hoodie","Outerwear",3022,73,"Autumn",4.8,"Unisex","Beige","Free"
"Floral Sundress","Dresses",4416,62,"Summer",4.5,"Women","Beige","XXL"
"Floral Print Saree","Ethnic Wear",2226,35,"Summer",3.7,"Women","Olive","XL"
"Lace-up Formal Shoes","Footwear",5288,80,"Summer",4.4,"Men","Beige","XXL"
"Compression Gym Tee","Sportswear",1195,99,"Summer",4.1,"Men","Beige","S"
"Knitted Sweater Vest","Outerwear",2096,64,"Autumn",4.0,"Unisex","Olive","Free"
"Casual Denim Jacket","Outerwear",1814,63,"Spring",4.0,"Unisex","Beige","S"
"Floral Sundress","Dresses",2712,21,"Winter",3.7,"Women","Yellow","XL"
"Chino Trousers","Bottoms",859,95,"Autumn",3.7,"Men","Grey","M"
"Linen Summer Dress","Dresses",3456,31,"Winter",3.6,"Women","Navy","XS"
"Compression Gym Tee","Sportswear",638,56,"Summer",4.4,"Men","Blue","XL"
"Strappy Sandals","Footwear",1513,28,"Winter",4.1,"Women","Blue","XXL"
"Crop Hooded Top","Tops",986,59,"Summer",4.2,"Women","Beige","L"
"Casual Denim Jacket","Outerwear",2672,59,"Autumn",4.7,"Unisex","Beige","S"
"Embroidery Salwar Kameez","Ethnic Wear",2027,71,"Summer",4.9,"Women","Pink","XXL"
"Slim Fit Polo Shirt","Tops",801,40,"Winter",4.3,"Men","Olive","XS"
"Oversized Fleece Hoodie","Outerwear",1595,48,"Summer",3.7,"Unisex","Olive","XS"
"Classic Cotton T-Shirt","Tops",1022,80,"Summer",3.7,"Unisex","Navy","L"
"Linen Summer Dress","Dresses",3823,26,"Winter",4.6,"Women","White","M"
"Knitted Sweater Vest","Outerwear",2729,44,"Summer",3.9,"Unisex","White","XXL"
"Pleated Skirt","Bottoms",1257,83,"Autumn",3.8,"Women","Beige","L"
"Embroidery Salwar Kameez","Ethnic Wear",2539,69,"Summer",4.2,"Women","Blue","XS"
"Classic Canvas Sneakers","Footwear",3863,80,"Autumn",4.5,"Unisex","White","S"
"Strappy Sandals","Footwear",3833,66,"Summer",3.8,"Women","Blue","XS"
"Knitted Sweater Vest","Outerwear",4417,59,"Summer",3.7,"Unisex","Black","Free"
"Embroidery Salwar Kameez","Ethnic Wear",2360,65,"Winter",4.4,"Women","Beige","S"
"Crop Hooded Top","Tops",989,71,"Spring",4.1,"Women","Blue","XS"
"Leather Chelsea Boots","Footwear",2800,82,"Autumn",4.6,"Men","Black","Free"
"Running Shorts","Sportswear",895,73,"Spring",3.8,"Unisex","Navy","Free"
"Slim Fit Denim Jeans","Bottoms",915,81,"Winter",4.7,"Unisex","Olive","Free"
"Embroidery Salwar Kameez","Ethnic Wear",5057,71,"Winter",3.8,"Women","Yellow","XXL"
"Leather Chelsea Boots","Footwear",6880,71,"Winter",4.3,"Men","Red","Free"
"Anarkali Kurti","Ethnic Wear",988,42,"Winter",4.1,"Women","Yellow","XS"
"Strappy Sandals","Footwear",1389,45,"Spring",4.9,"Women","White","L"
"Trench Coat","Outerwear",3288,73,"Autumn",4.9,"Unisex","White","XXL"
"Silk Party Gown","Dresses",3214,50,"Summer",4.4,"Women","Black","XL"
"Slim Fit Polo Shirt","Tops",314,29,"Winter",3.7,"Men","Red","Free"
"Slim Fit Denim Jeans","Bottoms",2271,51,"Spring",3.8,"Unisex","Green","L"
"Cargo Utility Pants","Bottoms",978,49,"Autumn",4.9,"Men","Pink","M"
"Linen Summer Dress","Dresses",2316,46,"Winter",4.7,"Women","Navy","S"
"Compression Gym Tee","Sportswear",1039,77,"Summer",3.7,"Men","Red","XXL"
"Floral Sundress","Dresses",1275,100,"Summer",4.4,"Women","Blue","L"
"Slim Fit Denim Jeans","Bottoms",1384,76,"Autumn",3.8,"Unisex","Pink","M"
"Trench Coat","Outerwear",3607,28,"Summer",4.7,"Unisex","Black","L"
"Lace-up Formal Shoes","Footwear",3135,54,"Winter",4.6,"Men","Pink","XS"
"Oversized Fleece Hoodie","Outerwear",2800,83,"Autumn",4.7,"Unisex","Beige","XXL"
"Cargo Utility Pants","Bottoms",858,76,"Summer",3.8,"Men","Olive","M"
"Compression Gym Tee","Sportswear",916,41,"Spring",4.8,"Men","Black","L"
"Anarkali Kurti","Ethnic Wear",911,44,"Winter",3.9,"Women","Blue","XS"
"Pleated Skirt","Bottoms",2180,100,"Spring",4.9,"Women","Beige","S"
"Embroidery Salwar Kameez","Ethnic Wear",1843,52,"Spring",4.2,"Women","Black","XXL"
"Classic Canvas Sneakers","Footwear",5550,38,"Summer",4.4,"Unisex","Olive","L"
"Leather Chelsea Boots","Footwear",5137,29,"Summer",4.4,"Men","White","XL"
"Chino Trousers","Bottoms",1482,74,"Winter",4.3,"Men","Yellow","S"
"V-Neck Camisole","Tops",798,69,"Summer",4.3,"Women","Navy","Free"
"Floral Print Saree","Ethnic Wear",1450,48,"Summer",4.9,"Women","Yellow","Free"
"Floral Sundress","Dresses",2150,64,"Autumn",4.5,"Women","Red","L"
"Cargo Utility Pants","Bottoms",2413,69,"Autumn",4.6,"Men","Pink","XS"
"Compression Gym Tee","Sportswear",1366,62,"Autumn",4.0,"Men","Beige","Free"
"Casual Denim Jacket","Outerwear",2510,31,"Summer",4.4,"Unisex","Pink","M"
"Strappy Sandals","Footwear",4129,47,"Spring",4.2,"Women","Grey","XL"
"Linen Button-up","Tops",350,62,"Spring",3.7,"Men","Green","Free"
"Slim Fit Polo Shirt","Tops",758,98,"Summer",4.1,"Men","Black","L"
"Activewear Joggers","Sportswear",1705,83,"Spring",4.1,"Unisex","Pink","Free"
"Floral Print Saree","Ethnic Wear",5911,64,"Autumn",4.9,"Women","White","XL"
"Oversized Fleece Hoodie","Outerwear",1758,35,"Summer",4.0,"Unisex","Navy","S"
"Wrap Midi Dress","Dresses",2151,76,"Summer",4.7,"Women","Green","XL"
"Activewear Joggers","Sportswear",945,52,"Spring",4.1,"Unisex","Olive","XL"
"Compression Gym Tee","Sportswear",559,55,"Spring",4.9,"Men","Beige","XXL"
"Crop Hooded Top","Tops",467,100,"Autumn",3.8,"Women","Navy","M"
"V-Neck Camisole","Tops",1113,49,"Summer",4.4,"Women","Black","S"
"Wrap Midi Dress","Dresses",3586,98,"Spring",3.9,"Women","Yellow","XS"
"V-Neck Camisole","Tops",908,90,"Summer",3.6,"Women","Navy","M"
"Chino Trousers","Bottoms",1021,35,"Summer",3.7,"Men","Blue","M"
"Classic Cotton T-Shirt","Tops",499,73,"Summer",4.1,"Unisex","Yellow","XXL"
"Oversized Fleece Hoodie","Outerwear",2805,63,"Spring",4.4,"Unisex","Olive","S"
"Activewear Joggers","Sportswear",938,70,"Autumn",4.9,"Unisex","Yellow","XL"
"Leather Chelsea Boots","Footwear",3955,23,"Summer",4.0,"Men","Blue","L"
"Pleated Skirt","Bottoms",2148,69,"Summer",4.7,"Women","Grey","L"
"Leather Chelsea Boots","Footwear",5741,75,"Autumn",5.0,"Men","Yellow","L"
"Compression Gym Tee","Sportswear",1696,63,"Autumn",4.9,"Men","Green","S"
"Running Shorts","Sportswear",1109,35,"Autumn",4.4,"Unisex","Blue","L"
"Cargo Utility Pants","Bottoms",925,67,"Autumn",3.7,"Men","White","L"
"Classic Cotton T-Shirt","Tops",862,100,"Summer",4.5,"Unisex","Grey","M"
"Knitted Sweater Vest","Outerwear",2412,64,"Summer",4.3,"Unisex","Yellow","XS"
"Activewear Joggers","Sportswear",1721,78,"Spring",4.7,"Unisex","Olive","M"
"Activewear Joggers","Sportswear",1305,82,"Summer",4.3,"Unisex","Navy","XL"
"Slim Fit Denim Jeans","Bottoms",1749,26,"Summer",4.9,"Unisex","White","XS"
"Silk Kurta Pajama","Ethnic Wear",3788,66,"Autumn",4.6,"Men","Grey","Free"
"Lace-up Formal Shoes","Footwear",6389,94,"Autumn",4.0,"Men","Navy","Free"
"Strappy Sandals","Footwear",1818,100,"Summer",3.6,"Women","White","M"
"Pleated Skirt","Bottoms",1123,83,"Spring",4.1,"Women","Navy","XXL"
"Linen Shorts","Bottoms",818,55,"Summer",3.8,"Unisex","Navy","XS"
"Linen Button-up","Tops",420,69,"Spring",3.9,"Men","Navy","Free"
"Crop Hooded Top","Tops",999,55,"Autumn",4.1,"Women","White","XL"
"Embroidery Salwar Kameez","Ethnic Wear",1272,50,"Winter",4.6,"Women","Red","XXL"
"Oversized Fleece Hoodie","Outerwear",3658,48,"Autumn",3.7,"Unisex","Navy","Free"
"Linen Shorts","Bottoms",1223,66,"Autumn",4.2,"Unisex","Beige","L"
"Pleated Skirt","Bottoms",2238,68,"Autumn",4.7,"Women","Green","L"
"Knitted Sweater Vest","Outerwear",4027,92,"Autumn",3.7,"Unisex","Green","L"
"Activewear Joggers","Sportswear",1184,35,"Winter",4.8,"Unisex","White","XXL"
"Activewear Joggers","Sportswear",1194,59,"Spring",4.1,"Unisex","White","XS"
"Leather Chelsea Boots","Footwear",1996,81,"Spring",4.1,"Men","Black","XL"
"Linen Summer Dress","Dresses",1964,40,"Spring",3.6,"Women","Red","XXL"
"Floral Print Saree","Ethnic Wear",5389,78,"Spring",4.4,"Women","Black","L"
"Compression Gym Tee","Sportswear",1183,74,"Spring",4.1,"Men","Navy","M"
"Leather Chelsea Boots","Footwear",2319,87,"Winter",4.1,"Men","Pink","S"
"Lace-up Formal Shoes","Footwear",1661,36,"Summer",4.2,"Men","Pink","L"
"Leather Chelsea Boots","Footwear",5000,50,"Summer",4.4,"Men","Black","M"
"Silk Kurta Pajama","Ethnic Wear",3742,66,"Winter",3.9,"Men","Black","XS"
"Anarkali Kurti","Ethnic Wear",3454,90,"Spring",4.6,"Women","Green","XL"
"Linen Button-up","Tops",642,92,"Spring",3.8,"Men","Black","XS"
"Silk Kurta Pajama","Ethnic Wear",5016,59,"Winter",4.9,"Men","Red","XXL"
"Classic Canvas Sneakers","Footwear",3669,70,"Winter",4.6,"Unisex","Pink","XS"
"V-Neck Camisole","Tops",698,39,"Autumn",4.8,"Women","Yellow","L"
"Lace-up Formal Shoes","Footwear",6197,62,"Autumn",4.0,"Men","Navy","S"
"Pleated Skirt","Bottoms",1977,43,"Summer",5.0,"Women","Yellow","XXL"
"Crop Hooded Top","Tops",969,67,"Spring",4.8,"Women","Green","XXL"
"Silk Party Gown","Dresses",1851,51,"Spring",4.9,"Women","Beige","XL"
"Floral Print Saree","Ethnic Wear",5747,56,"Autumn",4.8,"Women","Yellow","S"
"Activewear Joggers","Sportswear",1406,100,"Autumn",4.6,"Unisex","Olive","L"
"Floral Sundress","Dresses",2371,73,"Summer",4.8,"Women","Grey","L"
"Anarkali Kurti","Ethnic Wear",2662,100,"Spring",4.7,"Women","Olive","XL"
"Crop Hooded Top","Tops",1050,84,"Spring",3.8,"Women","Grey","XL"
"Running Shorts","Sportswear",1312,90,"Summer",4.1,"Unisex","Navy","XXL"
"Linen Summer Dress","Dresses",4759,66,"Spring",3.9,"Women","Beige","S"
"Pleated Skirt","Bottoms",1120,45,"Winter",4.9,"Women","Pink","L"
"Floral Sundress","Dresses",4150,49,"Winter",4.1,"Women","White","XL"
"Activewear Joggers","Sportswear",694,83,"Summer",3.7,"Unisex","Yellow","Free"
"Floral Sundress","Dresses",2704,83,"Summer",4.1,"Women","White","XL"
"Linen Button-up","Tops",823,43,"Summer",4.0,"Men","Grey","L"
"Activewear Joggers","Sportswear",1211,55,"Spring",4.3,"Unisex","Blue","Free"
"Crop Hooded Top","Tops",972,76,"Summer",4.2,"Women","Beige","XXL"
"Pleated Skirt","Bottoms",2047,100,"Spring",3.8,"Women","Blue","S"
"Trench Coat","Outerwear",4113,39,"Spring",4.0,"Unisex","Green","Free"
"Linen Summer Dress","Dresses",2481,83,"Autumn",4.3,"Women","Blue","S"
"Running Shorts","Sportswear",1161,22,"Winter",4.8,"Unisex","Red","S"
"Compression Gym Tee","Sportswear",812,71,"Autumn",3.8,"Men","White","L"
"Anarkali Kurti","Ethnic Wear",2697,39,"Winter",4.3,"Women","White","Free"
"Casual Denim Jacket","Outerwear",4071,38,"Summer",4.4,"Unisex","Black","Free"
"Chino Trousers","Bottoms",2075,74,"Autumn",5.0,"Men","White","XS"
"Floral Print Saree","Ethnic Wear",4360,56,"Summer",3.8,"Women","Navy","L"
"Oversized Fleece Hoodie","Outerwear",3219,26,"Summer",4.0,"Unisex","Red","M"
"Leather Chelsea Boots","Footwear",6800,28,"Summer",5.0,"Men","Pink","XXL"
"Casual Denim Jacket","Outerwear",1917,49,"Summer",3.7,"Unisex","Red","XS"
"Classic Cotton T-Shirt","Tops",931,60,"Summer",4.0,"Unisex","Green","L"
"Lace-up Formal Shoes","Footwear",4044,81,"Winter",4.5,"Men","Black","M"
"Classic Cotton T-Shirt","Tops",486,68,"Spring",5.0,"Unisex","White","S"
"Classic Cotton T-Shirt","Tops",304,50,"Spring",4.1,"Unisex","Grey","XS"
"Floral Sundress","Dresses",1269,33,"Winter",3.6,"Women","Red","Free"
"Slim Fit Polo Shirt","Tops",1157,38,"Spring",4.5,"Men","Green","XL"
"Oversized Fleece Hoodie","Outerwear",2392,79,"Spring",3.8,"Unisex","Navy","XS"
"Pleated Skirt","Bottoms",1183,64,"Spring",4.9,"Women","Yellow","M"
"Trench Coat","Outerwear",2726,26,"Summer",4.4,"Unisex","Yellow","XS"
"Floral Sundress","Dresses",2648,59,"Spring",4.0,"Women","Grey","L"
"Slim Fit Denim Jeans","Bottoms",2452,23,"Summer",4.9,"Unisex","Beige","Free"
"Leather Chelsea Boots","Footwear",5447,41,"Spring",3.9,"Men","Blue","XS"
"Running Shorts","Sportswear",530,83,"Summer",4.7,"Unisex","Blue","XXL"
"Wrap Midi Dress","Dresses",3562,37,"Autumn",3.8,"Women","Red","XXL"
"Crop Hooded Top","Tops",577,45,"Summer",3.9,"Women","White","XS"
"Wrap Midi Dress","Dresses",2160,43,"Winter",4.1,"Women","White","XL"
"Wrap Midi Dress","Dresses",1487,50,"Summer",3.7,"Women","Olive","L"
"Wrap Midi Dress","Dresses",3180,46,"Autumn",4.8,"Women","Black","Free"
"Classic Canvas Sneakers","Footwear",4519,65,"Winter",4.9,"Unisex","Yellow","XL"
"Strappy Sandals","Footwear",2220,59,"Summer",3.7,"Women","Red","M"
"Cargo Utility Pants","Bottoms",1439,59,"Winter",3.7,"Men","Yellow","XS"
"Trench Coat","Outerwear",3083,81,"Winter",3.7,"Unisex","Black","XL"
"Lace-up Formal Shoes","Footwear",1526,39,"Spring",4.9,"Men","Grey","XL"
"Slim Fit Polo Shirt","Tops",600,25,"Winter",5.0,"Men","Blue","XXL"
"Lace-up Formal Shoes","Footwear",2208,83,"Autumn",4.2,"Men","Pink","Free"
"Slim Fit Denim Jeans","Bottoms",1911,37,"Autumn",4.0,"Unisex","Beige","XXL"
"Crop Hooded Top","Tops",760,72,"Summer",3.9,"Women","Navy","Free"
"Silk Party Gown","Dresses",3255,37,"Autumn",4.1,"Women","Navy","XXL"
"Lace-up Formal Shoes","Footwear",6787,100,"Autumn",4.4,"Men","White","XL"
"Silk Kurta Pajama","Ethnic Wear",4344,60,"Summer",3.6,"Men","White","M"
"Chino Trousers","Bottoms",1802,55,"Summer",3.7,"Men","Navy","S"
"Lace-up Formal Shoes","Footwear",5685,59,"Summer",3.8,"Men","Red","XL"
"Embroidery Salwar Kameez","Ethnic Wear",2224,50,"Summer",4.2,"Women","Blue","XL"
"Running Shorts","Sportswear",930,76,"Spring",4.0,"Unisex","Grey","XL"
"Linen Shorts","Bottoms",1014,44,"Spring",4.7,"Unisex","White","XXL"
"Floral Sundress","Dresses",3011,62,"Autumn",3.9,"Women","Yellow","XL"
"Trench Coat","Outerwear",2064,25,"Summer",4.2,"Unisex","Navy","Free"
"Lace-up Formal Shoes","Footwear",3342,46,"Spring",4.0,"Men","Olive","XS"
"Lace-up Formal Shoes","Footwear",5059,63,"Summer",4.9,"Men","Grey","M"
"Anarkali Kurti","Ethnic Wear",2915,66,"Summer",4.0,"Women","Grey","XL"
"Embroidery Salwar Kameez","Ethnic Wear",1641,78,"Summer",4.6,"Women","Yellow","M"
"Pleated Skirt","Bottoms",1917,100,"Spring",4.6,"Women","Navy","XXL"
"Chino Trousers","Bottoms",873,100,"Autumn",4.7,"Men","Red","S"
"Chino Trousers","Bottoms",1283,67,"Summer",3.8,"Men","Green","XL"
"Pleated Skirt","Bottoms",2434,40,"Autumn",4.4,"Women","Grey","XL"
"Chino Trousers","Bottoms",1825,73,"Winter",4.1,"Men","Yellow","XS"
"Floral Print Saree","Ethnic Wear",4125,94,"Spring",5.0,"Women","Beige","L"
"Linen Button-up","Tops",790,54,"Autumn",4.5,"Men","Black","XS"
"Cargo Utility Pants","Bottoms",907,83,"Autumn",4.7,"Men","Green","M"
"Linen Summer Dress","Dresses",2277,45,"Autumn",4.1,"Women","Black","XL"
"Compression Gym Tee","Sportswear",1701,79,"Spring",4.2,"Men","Blue","M"
"Compression Gym Tee","Sportswear",1662,84,"Spring",4.2,"Men","Pink","M"
"Silk Kurta Pajama","Ethnic Wear",3506,72,"Winter",4.2,"Men","Blue","S"
"Strappy Sandals","Footwear",2367,75,"Autumn",3.7,"Women","Olive","XXL"
"Wrap Midi Dress","Dresses",2506,73,"Summer",4.0,"Women","Green","XS"
"Anarkali Kurti","Ethnic Wear",3636,69,"Autumn",4.9,"Women","Green","XS"
"Anarkali Kurti","Ethnic Wear",2735,37,"Winter",4.9,"Women","Blue","L"
"Linen Shorts","Bottoms",1600,59,"Autumn",4.0,"Unisex","Red","XL"
"Compression Gym Tee","Sportswear",1153,43,"Winter",4.1,"Men","Red","S"
"Cargo Utility Pants","Bottoms",1840,44,"Summer",4.4,"Men","Black","M"
"Trench Coat","Outerwear",1608,100,"Winter",4.1,"Unisex","Pink","M"
"Classic Canvas Sneakers","Footwear",3985,81,"Spring",4.4,"Unisex","Black","M"
"Anarkali Kurti","Ethnic Wear",5340,49,"Summer",5.0,"Women","Pink","XL"
"Pleated Skirt","Bottoms",2063,60,"Winter",4.4,"Women","Pink","XS"
"Silk Kurta Pajama","Ethnic Wear",4199,37,"Summer",3.8,"Men","Yellow","Free"
"Knitted Sweater Vest","Outerwear",3879,82,"Winter",4.7,"Unisex","Pink","Free"
"Anarkali Kurti","Ethnic Wear",947,70,"Winter",4.8,"Women","Olive","Free"
"Compression Gym Tee","Sportswear",1548,67,"Autumn",4.4,"Men","Black","XXL"
"Oversized Fleece Hoodie","Outerwear",3022,71,"Spring",4.5,"Unisex","Red","XS"
"Strappy Sandals","Footwear",2175,66,"Autumn",3.9,"Women","Black","L"
"Knitted Sweater Vest","Outerwear",4306,70,"Autumn",3.9,"Unisex","White","XL"
"Knitted Sweater Vest","Outerwear",3930,72,"Summer",4.4,"Unisex","Blue","Free"
"Cargo Utility Pants","Bottoms",2424,66,"Winter",4.8,"Men","Black","XXL"
"Activewear Joggers","Sportswear",713,39,"Summer",4.1,"Unisex","Grey","L"
"V-Neck Camisole","Tops",627,67,"Autumn",3.7,"Women","Pink","XL"
"Strappy Sandals","Footwear",3989,87,"Summer",4.6,"Women","Beige","L"
"Classic Cotton T-Shirt","Tops",441,100,"Summer",4.4,"Unisex","Beige","S"
"Wrap Midi Dress","Dresses",2620,52,"Spring",4.7,"Women","Olive","L"
"Linen Summer Dress","Dresses",1486,99,"Summer",3.8,"Women","Olive","XL"
"Embroidery Salwar Kameez","Ethnic Wear",5239,41,"Winter",4.6,"Women","Blue","Free"
"Linen Button-up","Tops",724,35,"Winter",4.4,"Men","Grey","Free"
"Anarkali Kurti","Ethnic Wear",4193,85,"Spring",4.5,"Women","Red","XS"
"Activewear Joggers","Sportswear",1467,39,"Winter",4.4,"Unisex","Grey","L"
"Knitted Sweater Vest","Outerwear",1623,47,"Winter",4.2,"Unisex","Pink","XS"
"Activewear Joggers","Sportswear",1705,60,"Summer",3.7,"Unisex","Green","XL"
"Wrap Midi Dress","Dresses",4336,64,"Summer",5.0,"Women","Yellow","XS"
"Oversized Fleece Hoodie","Outerwear",4069,44,"Autumn",4.6,"Unisex","Green","XS"
"Classic Cotton T-Shirt","Tops",1131,59,"Spring",4.3,"Unisex","Yellow","S"
"Trench Coat","Outerwear",2414,100,"Winter",4.7,"Unisex","Green","XXL"
"Embroidery Salwar Kameez","Ethnic Wear",3229,60,"Summer",3.7,"Women","Navy","S"
"Casual Denim Jacket","Outerwear",2011,74,"Winter",3.6,"Unisex","Blue","XS"
"Leather Chelsea Boots","Footwear",2578,43,"Autumn",4.5,"Men","Black","M"
"Linen Button-up","Tops",1031,53,"Spring",4.7,"Men","Yellow","XXL"
"Crop Hooded Top","Tops",605,70,"Winter",4.5,"Women","Black","M"
"Slim Fit Polo Shirt","Tops",575,54,"Autumn",4.7,"Men","Green","S"
"Running Shorts","Sportswear",870,60,"Summer",3.9,"Unisex","Navy","S"
"Silk Party Gown","Dresses",4200,47,"Autumn",4.4,"Women","Grey","XXL"
"Casual Denim Jacket","Outerwear",2831,70,"Winter",3.9,"Unisex","Grey","XL"
"Oversized Fleece Hoodie","Outerwear",2776,35,"Autumn",4.9,"Unisex","Blue","Free"
"V-Neck Camisole","Tops",398,39,"Winter",4.8,"Women","White","XXL"
"Linen Button-up","Tops",374,62,"Spring",4.5,"Men","Black","XS"
"Knitted Sweater Vest","Outerwear",3362,47,"Spring",3.9,"Unisex","Green","XS"
"Classic Canvas Sneakers","Footwear",3911,47,"Summer",4.2,"Unisex","Beige","S"
"Running Shorts","Sportswear",1205,50,"Summer",4.5,"Unisex","Beige","Free"
"Slim Fit Polo Shirt","Tops",428,29,"Winter",3.8,"Men","Olive","S"
"Embroidery Salwar Kameez","Ethnic Wear",5255,46,"Spring",5.0,"Women","White","M"
"Lace-up Formal Shoes","Footwear",3226,70,"Winter",4.1,"Men","Olive","S"
"Trench Coat","Outerwear",4125,64,"Spring",4.9,"Unisex","Navy","L"
"Classic Canvas Sneakers","Footwear",2044,100,"Spring",4.6,"Unisex","Navy","S"
"Knitted Sweater Vest","Outerwear",4190,49,"Spring",4.2,"Unisex","Beige","L"
"Classic Cotton T-Shirt","Tops",1001,80,"Summer",3.6,"Unisex","Grey","S"
"Pleated Skirt","Bottoms",2266,84,"Winter",4.9,"Women","Yellow","S"
"Activewear Joggers","Sportswear",557,100,"Autumn",4.2,"Unisex","Blue","XS"
"Floral Print Saree","Ethnic Wear",1512,81,"Winter",4.5,"Women","Navy","XXL"
"Oversized Fleece Hoodie","Outerwear",3448,48,"Autumn",4.4,"Unisex","Yellow","M"
"V-Neck Camisole","Tops",1154,37,"Winter",4.8,"Women","Beige","S"
"Cargo Utility Pants","Bottoms",1071,63,"Winter",4.2,"Men","Black","XL"
"Pleated Skirt","Bottoms",978,100,"Spring",4.6,"Women","Grey","L"
"Linen Shorts","Bottoms",2398,25,"Winter",4.0,"Unisex","Navy","S"
"Classic Canvas Sneakers","Footwear",6875,77,"Winter",5.0,"Unisex","Black","XL"
"Floral Print Saree","Ethnic Wear",3133,87,"Spring",4.6,"Women","Beige","L"
"Silk Kurta Pajama","Ethnic Wear",2050,57,"Summer",3.8,"Men","Green","XL"
"Linen Summer Dress","Dresses",3160,59,"Autumn",3.8,"Women","Green","XXL"
"Linen Button-up","Tops",1102,87,"Spring",4.0,"Men","Red","L"
"Leather Chelsea Boots","Footwear",3068,36,"Spring",4.7,"Men","White","XL"
"Slim Fit Denim Jeans","Bottoms",1940,26,"Summer",4.5,"Unisex","Beige","XS"
"Silk Kurta Pajama","Ethnic Wear",5890,84,"Winter",3.7,"Men","White","XXL"
"Classic Cotton T-Shirt","Tops",749,76,"Spring",4.6,"Unisex","Blue","XXL"
"Activewear Joggers","Sportswear",1389,49,"Summer",4.2,"Unisex","Navy","Free"
"Activewear Joggers","Sportswear",1542,60,"Winter",4.0,"Unisex","Navy","S"
"Slim Fit Denim Jeans","Bottoms",1573,72,"Autumn",3.8,"Unisex","Yellow","XXL"
"Activewear Joggers","Sportswear",758,100,"Autumn",4.8,"Unisex","Navy","Free"
"Casual Denim Jacket","Outerwear",2432,56,"Winter",4.0,"Unisex","Green","M"
"Leather Chelsea Boots","Footwear",3280,69,"Autumn",4.5,"Men","Grey","XL"
"Casual Denim Jacket","Outerwear",2335,49,"Summer",4.7,"Unisex","Blue","XS"
"Silk Party Gown","Dresses",2560,78,"Spring",3.8,"Women","Green","XS"
"Silk Kurta Pajama","Ethnic Wear",5385,61,"Summer",4.5,"Men","Black","XL"
"Activewear Joggers","Sportswear",887,91,"Autumn",3.7,"Unisex","Blue","XL"
"Linen Shorts","Bottoms",1230,70,"Autumn",4.2,"Unisex","Black","L"
"Floral Print Saree","Ethnic Wear",2817,65,"Winter",4.8,"Women","Grey","XXL"
"Casual Denim Jacket","Outerwear",4026,56,"Autumn",4.2,"Unisex","Grey","Free"
"Floral Sundress","Dresses",4116,87,"Summer",4.3,"Women","Olive","XL"
"Chino Trousers","Bottoms",1194,100,"Autumn",3.7,"Men","Yellow","S"
"Linen Summer Dress","Dresses",4242,65,"Spring",4.4,"Women","Pink","Free"
"Oversized Fleece Hoodie","Outerwear",2085,51,"Autumn",4.9,"Unisex","Navy","S"
"Wrap Midi Dress","Dresses",3080,55,"Summer",4.7,"Women","White","XL"
"Activewear Joggers","Sportswear",519,45,"Summer",3.7,"Unisex","Beige","XL"
"Floral Print Saree","Ethnic Wear",2107,57,"Spring",4.2,"Women","Grey","S"
"Wrap Midi Dress","Dresses",1720,76,"Autumn",4.4,"Women","Red","XL"
"Classic Cotton T-Shirt","Tops",535,37,"Spring",4.3,"Unisex","Green","S"
"Anarkali Kurti","Ethnic Wear",2116,99,"Spring",4.0,"Women","Yellow","M"
"Linen Summer Dress","Dresses",4041,46,"Winter",4.9,"Women","White","L"
"Silk Kurta Pajama","Ethnic Wear",2209,38,"Summer",4.6,"Men","Pink","Free"
"Anarkali Kurti","Ethnic Wear",5564,52,"Autumn",4.5,"Women","Yellow","XXL"
"Slim Fit Polo Shirt","Tops",321,39,"Winter",3.8,"Men","Grey","S"
"Chino Trousers","Bottoms",1383,64,"Winter",3.9,"Men","Black","L"
"Anarkali Kurti","Ethnic Wear",1586,82,"Winter",4.1,"Women","Green","XS"
"Linen Shorts","Bottoms",1845,85,"Summer",4.1,"Unisex","Beige","L"
"Silk Kurta Pajama","Ethnic Wear",2596,94,"Spring",4.2,"Men","Black","XS"
"Linen Summer Dress","Dresses",2876,76,"Autumn",4.2,"Women","Grey","L"
"Compression Gym Tee","Sportswear",516,48,"Autumn",4.9,"Men","White","M"
"Slim Fit Polo Shirt","Tops",401,76,"Summer",4.6,"Men","Yellow","XL"
"Oversized Fleece Hoodie","Outerwear",2170,26,"Summer",4.8,"Unisex","White","Free"
"Floral Print Saree","Ethnic Wear",3360,57,"Summer",3.6,"Women","White","XXL"
"V-Neck Camisole","Tops",1115,53,"Summer",4.3,"Women","Red","L"
"Trench Coat","Outerwear",3996,34,"Summer",4.2,"Unisex","Pink","L"
"Anarkali Kurti","Ethnic Wear",3599,70,"Summer",4.1,"Women","Yellow","M"
"Floral Sundress","Dresses",4907,48,"Winter",3.8,"Women","Beige","Free"
"Crop Hooded Top","Tops",1040,77,"Summer",4.2,"Women","Black","XS"
"Floral Sundress","Dresses",3104,38,"Winter",4.9,"Women","Pink","Free"
"Slim Fit Denim Jeans","Bottoms",1988,46,"Summer",4.9,"Unisex","Green","XL"
"Linen Summer Dress","Dresses",2684,87,"Summer",4.6,"Women","Beige","XS"
"Trench Coat","Outerwear",3692,66,"Winter",4.9,"Unisex","Pink","XL"
"Knitted Sweater Vest","Outerwear",2203,43,"Spring",4.9,"Unisex","Olive","M"
"Linen Shorts","Bottoms",2379,57,"Spring",4.1,"Unisex","Black","L"
"Compression Gym Tee","Sportswear",763,72,"Spring",4.0,"Men","Black","L"
"Chino Trousers","Bottoms",941,61,"Spring",4.5,"Men","Black","L"
"Strappy Sandals","Footwear",1354,52,"Summer",4.3,"Women","Olive","XL"
"V-Neck Camisole","Tops",966,40,"Winter",4.4,"Women","Olive","XXL"
"Running Shorts","Sportswear",912,62,"Autumn",4.5,"Unisex","Green","Free"
"V-Neck Camisole","Tops",718,49,"Winter",4.9,"Women","Grey","XXL"
"Oversized Fleece Hoodie","Outerwear",2109,75,"Spring",4.0,"Unisex","Green","XS"
"Wrap Midi Dress","Dresses",1268,62,"Summer",4.7,"Women","Olive","M"
"Embroidery Salwar Kameez","Ethnic Wear",4150,79,"Winter",3.7,"Women","Pink","XS"
"Knitted Sweater Vest","Outerwear",2853,75,"Summer",4.6,"Unisex","White","XXL"
"Chino Trousers","Bottoms",907,100,"Autumn",4.2,"Men","Pink","S"
"Running Shorts","Sportswear",1108,74,"Autumn",3.8,"Unisex","Olive","S"
"Leather Chelsea Boots","Footwear",3235,35,"Spring",3.8,"Men","Yellow","M"
"Leather Chelsea Boots","Footwear",4013,78,"Autumn",4.6,"Men","Yellow","M"
"Compression Gym Tee","Sportswear",587,52,"Autumn",3.7,"Men","Beige","M"
"Cargo Utility Pants","Bottoms",1169,49,"Summer",4.5,"Men","Pink","XL"
"Chino Trousers","Bottoms",2433,70,"Summer",4.7,"Men","Olive","Free"
"Wrap Midi Dress","Dresses",2853,59,"Summer",4.6,"Women","Black","M"
"Slim Fit Polo Shirt","Tops",822,70,"Summer",3.9,"Men","Beige","XS"
"Classic Cotton T-Shirt","Tops",450,45,"Autumn",3.6,"Unisex","Olive","XS"
"Chino Trousers","Bottoms",1653,80,"Winter",4.7,"Men","Black","M"
"Casual Denim Jacket","Outerwear",3219,40,"Autumn",3.7,"Unisex","Olive","XXL"
"Strappy Sandals","Footwear",6761,53,"Summer",4.3,"Women","Beige","XS"
"Compression Gym Tee","Sportswear",885,57,"Summer",4.1,"Men","White","S"
"Leather Chelsea Boots","Footwear",6002,44,"Spring",4.2,"Men","White","XS"
"Wrap Midi Dress","Dresses",3065,55,"Autumn",4.8,"Women","Olive","Free"
"Running Shorts","Sportswear",682,60,"Autumn",4.3,"Unisex","Navy","XS"
"Compression Gym Tee","Sportswear",1633,39,"Spring",4.9,"Men","Olive","XXL"
"Strappy Sandals","Footwear",4504,83,"Autumn",4.2,"Women","Yellow","XL"
"Linen Button-up","Tops",1151,42,"Summer",4.6,"Men","White","L"
"Activewear Joggers","Sportswear",1642,55,"Spring",4.4,"Unisex","Blue","XL"
"Activewear Joggers","Sportswear",1626,35,"Winter",4.8,"Unisex","Olive","XXL"
"Slim Fit Polo Shirt","Tops",973,81,"Spring",4.3,"Men","Grey","Free"
"Wrap Midi Dress","Dresses",1426,52,"Autumn",4.1,"Women","Grey","L"
"Leather Chelsea Boots","Footwear",6526,41,"Summer",4.0,"Men","Black","S"
"Linen Shorts","Bottoms",2063,41,"Spring",4.8,"Unisex","Navy","L"
"Cargo Utility Pants","Bottoms",1728,68,"Autumn",4.5,"Men","Beige","L"
"Floral Sundress","Dresses",1211,78,"Summer",4.9,"Women","Beige","M"
"Casual Denim Jacket","Outerwear",1789,49,"Autumn",3.7,"Unisex","Red","XL"
"Anarkali Kurti","Ethnic Wear",1713,44,"Summer",4.6,"Women","Beige","XS"
"Floral Sundress","Dresses",4260,37,"Winter",3.6,"Women","Pink","L"
"Pleated Skirt","Bottoms",847,95,"Spring",4.7,"Women","Pink","S"
"Classic Canvas Sneakers","Footwear",2576,66,"Spring",4.4,"Unisex","Beige","XL"
"Lace-up Formal Shoes","Footwear",5947,80,"Summer",4.2,"Men","Yellow","Free"
"Wrap Midi Dress","Dresses",1976,46,"Winter",3.8,"Women","Green","XL"
"Classic Canvas Sneakers","Footwear",5230,53,"Autumn",3.6,"Unisex","White","Free"
"Casual Denim Jacket","Outerwear",2746,81,"Winter",3.7,"Unisex","Pink","XS"
"Trench Coat","Outerwear",3842,55,"Autumn",4.3,"Unisex","Olive","Free"
"Floral Print Saree","Ethnic Wear",2615,58,"Autumn",4.8,"Women","Navy","Free"
"Cargo Utility Pants","Bottoms",1323,85,"Spring",4.6,"Men","Beige","M"
"Slim Fit Polo Shirt","Tops",875,62,"Spring",4.0,"Men","Grey","XXL"
"Linen Summer Dress","Dresses",3788,48,"Spring",3.7,"Women","Olive","Free"
"Linen Summer Dress","Dresses",2142,46,"Autumn",4.2,"Women","Green","S"
"Compression Gym Tee","Sportswear",1759,81,"Spring",4.9,"Men","Yellow","XS"
"Casual Denim Jacket","Outerwear",3621,71,"Spring",4.0,"Unisex","Yellow","M"
"Knitted Sweater Vest","Outerwear",3701,71,"Spring",4.8,"Unisex","Yellow","M"
"Chino Trousers","Bottoms",936,41,"Summer",3.6,"Men","Grey","XS"
"Silk Kurta Pajama","Ethnic Wear",2027,35,"Summer",3.8,"Men","Red","S"
"Floral Sundress","Dresses",2825,76,"Autumn",3.9,"Women","Beige","XL"
"Classic Canvas Sneakers","Footwear",6497,69,"Autumn",4.8,"Unisex","White","S"
"Slim Fit Denim Jeans","Bottoms",2184,41,"Summer",4.5,"Unisex","Yellow","XS"
"Activewear Joggers","Sportswear",743,100,"Autumn",4.2,"Unisex","Blue","XS"
"Compression Gym Tee","Sportswear",1222,75,"Autumn",4.3,"Men","Navy","L"
"Chino Trousers","Bottoms",1179,47,"Spring",3.7,"Men","Red","XL"
"Floral Sundress","Dresses",4051,42,"Spring",4.0,"Women","Blue","XL"
"Linen Summer Dress","Dresses",3686,39,"Spring",3.9,"Women","Navy","XXL"
"Embroidery Salwar Kameez","Ethnic Wear",2716,73,"Summer",4.7,"Women","Yellow","L"
"Activewear Joggers","Sportswear",880,71,"Autumn",4.2,"Unisex","White","M"
"Wrap Midi Dress","Dresses",1694,37,"Summer",5.0,"Women","Green","M"
"Linen Shorts","Bottoms",1077,44,"Winter",4.7,"Unisex","Black","XL"
"Compression Gym Tee","Sportswear",1186,53,"Autumn",4.2,"Men","Yellow","Free"
"Casual Denim Jacket","Outerwear",1868,35,"Summer",4.6,"Unisex","White","M"
"Crop Hooded Top","Tops",404,70,"Winter",4.4,"Women","Navy","XL"
"V-Neck Camisole","Tops",736,56,"Summer",3.6,"Women","White","Free"
"Compression Gym Tee","Sportswear",775,48,"Spring",5.0,"Men","Red","S"
"Linen Summer Dress","Dresses",1244,100,"Summer",4.8,"Women","Red","Free"
"Cargo Utility Pants","Bottoms",2106,37,"Autumn",4.2,"Men","Green","L"
"Strappy Sandals","Footwear",3689,87,"Summer",4.1,"Women","Navy","Free"
"Floral Print Saree","Ethnic Wear",3259,100,"Spring",4.4,"Women","Olive","XXL"
"Casual Denim Jacket","Outerwear",4266,80,"Spring",4.2,"Unisex","White","S"
"Compression Gym Tee","Sportswear",1331,40,"Spring",4.6,"Men","White","XXL"
"Casual Denim Jacket","Outerwear",3630,54,"Autumn",4.7,"Unisex","Pink","XXL"
"Strappy Sandals","Footwear",5132,72,"Spring",3.7,"Women","White","S"
"Wrap Midi Dress","Dresses",2145,71,"Winter",5.0,"Women","Pink","XXL"
"Classic Canvas Sneakers","Footwear",6051,77,"Winter",4.7,"Unisex","White","XS"
"Floral Print Saree","Ethnic Wear",973,100,"Spring",4.3,"Women","White","XL"
"Knitted Sweater Vest","Outerwear",2487,69,"Autumn",3.9,"Unisex","Beige","XXL"
"Chino Trousers","Bottoms",1034,80,"Summer",4.7,"Men","Grey","XL"
"Crop Hooded Top","Tops",1153,66,"Winter",4.7,"Women","Beige","XXL"
"Leather Chelsea Boots","Footwear",1338,88,"Winter",4.3,"Men","Beige","XL"
"Embroidery Salwar Kameez","Ethnic Wear",2727,40,"Spring",3.7,"Women","Blue","XS"
"Silk Party Gown","Dresses",3919,35,"Summer",3.9,"Women","Yellow","XS"
"V-Neck Camisole","Tops",666,22,"Winter",4.7,"Women","Blue","S"
"Compression Gym Tee","Sportswear",994,36,"Spring",4.6,"Men","Red","S"
"Silk Kurta Pajama","Ethnic Wear",1071,52,"Autumn",4.9,"Men","Red","XS"
"Running Shorts","Sportswear",1486,80,"Autumn",4.3,"Unisex","Beige","XS"
"Linen Summer Dress","Dresses",1964,52,"Spring",3.7,"Women","Black","XL"
"Classic Canvas Sneakers","Footwear",1255,35,"Winter",3.7,"Unisex","Blue","XXL"
"Leather Chelsea Boots","Footwear",5258,52,"Autumn",4.6,"Men","Red","XXL"
"Anarkali Kurti","Ethnic Wear",5459,47,"Autumn",3.7,"Women","Navy","XL"
"Oversized Fleece Hoodie","Outerwear",4482,64,"Winter",4.6,"Unisex","Grey","M"
"Embroidery Salwar Kameez","Ethnic Wear",925,82,"Spring",3.8,"Women","Black","Free"
"Floral Sundress","Dresses",3138,100,"Summer",4.7,"Women","Beige","Free"
"Compression Gym Tee","Sportswear",1024,44,"Winter",4.9,"Men","White","XXL"
"Linen Summer Dress","Dresses",2581,41,"Winter",4.6,"Women","Olive","XL"
"Trench Coat","Outerwear",1930,28,"Summer",4.2,"Unisex","Green","XS"
"Slim Fit Polo Shirt","Tops",361,25,"Winter",4.6,"Men","Pink","XL"
"Running Shorts","Sportswear",821,44,"Autumn",4.6,"Unisex","Beige","XXL"
"Activewear Joggers","Sportswear",546,77,"Winter",4.5,"Unisex","Olive","L"
"Casual Denim Jacket","Outerwear",2655,41,"Summer",4.1,"Unisex","White","Free"
"Classic Cotton T-Shirt","Tops",1031,34,"Winter",4.8,"Unisex","Green","XXL"
"Strappy Sandals","Footwear",6502,82,"Autumn",4.9,"Women","Olive","Free"
"Anarkali Kurti","Ethnic Wear",1889,88,"Spring",4.9,"Women","Pink","XXL"
"Compression Gym Tee","Sportswear",1699,65,"Autumn",3.9,"Men","Beige","M"
"Silk Party Gown","Dresses",4199,48,"Summer",4.5,"Women","Green","XXL"
"Classic Cotton T-Shirt","Tops",504,36,"Autumn",4.7,"Unisex","Olive","XS"
"Strappy Sandals","Footwear",2911,49,"Autumn",4.0,"Women","Red","Free"
"Lace-up Formal Shoes","Footwear",1544,46,"Spring",4.1,"Men","Pink","M"
"Floral Sundress","Dresses",4625,52,"Spring",4.5,"Women","Black","XXL"
"Linen Shorts","Bottoms",2307,66,"Summer",4.9,"Unisex","Pink","L"
"Running Shorts","Sportswear",854,63,"Summer",3.7,"Unisex","Navy","XL"
"Silk Party Gown","Dresses",2534,63,"Spring",3.8,"Women","Grey","L"
"Pleated Skirt","Bottoms",2464,81,"Autumn",4.4,"Women","Blue","L"
"Silk Kurta Pajama","Ethnic Wear",3385,75,"Winter",3.6,"Men","Red","M"
"Anarkali Kurti","Ethnic Wear",3980,53,"Summer",4.2,"Women","Blue","Free"
"Silk Party Gown","Dresses",4310,39,"Spring",5.0,"Women","Blue","XL"
"Classic Cotton T-Shirt","Tops",967,52,"Autumn",4.5,"Unisex","Pink","M"
"Floral Print Saree","Ethnic Wear",3631,35,"Summer",4.3,"Women","Green","XS"
"Linen Button-up","Tops",470,75,"Summer",3.7,"Men","Navy","M"
"Wrap Midi Dress","Dresses",3239,58,"Summer",4.4,"Women","Olive","M"
"Chino Trousers","Bottoms",1832,41,"Summer",4.9,"Men","White","XL"
"Lace-up Formal Shoes","Footwear",4162,38,"Spring",4.8,"Men","Blue","XL"
"Activewear Joggers","Sportswear",1033,69,"Spring",4.3,"Unisex","Blue","S"
"Linen Button-up","Tops",421,66,"Autumn",4.9,"Men","Blue","M"
"Silk Kurta Pajama","Ethnic Wear",4610,80,"Autumn",4.1,"Men","Olive","M"
"Trench Coat","Outerwear",3522,77,"Autumn",3.7,"Unisex","Blue","M"
"Running Shorts","Sportswear",1751,97,"Summer",3.9,"Unisex","Blue","XL"
"Linen Shorts","Bottoms",1846,39,"Spring",4.4,"Unisex","Green","XS"
"Trench Coat","Outerwear",2795,35,"Summer",3.9,"Unisex","Beige","XXL"
"Casual Denim Jacket","Outerwear",3239,90,"Winter",4.7,"Unisex","Pink","M"
"Classic Canvas Sneakers","Footwear",3754,52,"Spring",4.2,"Unisex","Red","M"
"V-Neck Camisole","Tops",487,83,"Summer",3.9,"Women","Red","XS"
"Compression Gym Tee","Sportswear",1009,56,"Autumn",3.7,"Men","Beige","S"
"Trench Coat","Outerwear",3898,66,"Winter",3.9,"Unisex","Navy","L"
"V-Neck Camisole","Tops",505,69,"Autumn",4.6,"Women","Navy","XXL"
"Floral Sundress","Dresses",3585,50,"Spring",4.9,"Women","Yellow","XL"
"Slim Fit Denim Jeans","Bottoms",905,40,"Summer",4.1,"Unisex","Grey","Free"
"Trench Coat","Outerwear",4466,50,"Winter",4.5,"Unisex","Beige","L"
"Crop Hooded Top","Tops",811,67,"Summer",4.3,"Women","White","M"
"Silk Party Gown","Dresses",2509,100,"Winter",4.9,"Women","Red","Free"
"Linen Button-up","Tops",696,100,"Spring",4.8,"Men","Green","XS"
"Anarkali Kurti","Ethnic Wear",2250,97,"Spring",4.9,"Women","Beige","XS"
"Slim Fit Polo Shirt","Tops",412,100,"Summer",3.8,"Men","Pink","XXL"
"Classic Canvas Sneakers","Footwear",4601,77,"Autumn",5.0,"Unisex","Grey","L"
"Classic Canvas Sneakers","Footwear",5617,79,"Autumn",4.5,"Unisex","Black","L"
"Floral Print Saree","Ethnic Wear",1163,100,"Spring",3.6,"Women","Black","S"
"Linen Summer Dress","Dresses",1547,40,"Autumn",4.3,"Women","Pink","L"
"Pleated Skirt","Bottoms",1941,44,"Winter",3.7,"Women","Yellow","XS"
"Knitted Sweater Vest","Outerwear",3086,72,"Winter",4.6,"Unisex","White","L"
"Linen Button-up","Tops",420,42,"Summer",4.8,"Men","Beige","M"
"Activewear Joggers","Sportswear",1546,76,"Summer",3.9,"Unisex","Navy","XL"
"Classic Cotton T-Shirt","Tops",627,36,"Winter",4.9,"Unisex","Grey","M"
"Compression Gym Tee","Sportswear",930,24,"Winter",4.4,"Men","Yellow","Free"
"Lace-up Formal Shoes","Footwear",4256,74,"Winter",4.1,"Men","Black","XL"
"Cargo Utility Pants","Bottoms",2493,52,"Spring",4.8,"Men","Beige","S"
"Crop Hooded Top","Tops",867,40,"Spring",4.1,"Women","Pink","M"
"Anarkali Kurti","Ethnic Wear",2284,54,"Winter",4.3,"Women","Pink","XS"
"Silk Party Gown","Dresses",1529,67,"Spring",4.3,"Women","Beige","XS"
"Running Shorts","Sportswear",1565,74,"Autumn",3.7,"Unisex","Red","XL"
"Casual Denim Jacket","Outerwear",2675,45,"Summer",4.9,"Unisex","Navy","XS"
"Trench Coat","Outerwear",2214,60,"Spring",4.7,"Unisex","Pink","XXL"
"Silk Kurta Pajama","Ethnic Wear",3423,100,"Spring",4.8,"Men","Yellow","XS"
"Floral Sundress","Dresses",3958,44,"Spring",3.6,"Women","Black","M"
"Classic Cotton T-Shirt","Tops",579,55,"Spring",3.8,"Unisex","Yellow","Free"
"Strappy Sandals","Footwear",1618,71,"Summer",4.6,"Women","Yellow","Free"
"Anarkali Kurti","Ethnic Wear",5266,46,"Winter",4.1,"Women","Grey","S"
"Compression Gym Tee","Sportswear",673,77,"Autumn",4.6,"Men","Yellow","XS"
"Leather Chelsea Boots","Footwear",4965,78,"Winter",5.0,"Men","Navy","XL"
"Silk Kurta Pajama","Ethnic Wear",2877,100,"Spring",4.0,"Men","White","L"
"Trench Coat","Outerwear",2877,57,"Spring",4.8,"Unisex","Navy","M"
"Silk Party Gown","Dresses",3991,72,"Spring",4.0,"Women","Pink","XL"
"Knitted Sweater Vest","Outerwear",2784,76,"Summer",3.9,"Unisex","Yellow","XXL"
"Wrap Midi Dress","Dresses",3758,76,"Winter",4.2,"Women","Grey","S"
"Silk Kurta Pajama","Ethnic Wear",1078,99,"Spring",4.0,"Men","Navy","XXL"
"Slim Fit Polo Shirt","Tops",895,100,"Summer",3.8,"Men","Blue","L"
"Anarkali Kurti","Ethnic Wear",5116,67,"Spring",4.5,"Women","White","XS"
"Classic Cotton T-Shirt","Tops",1027,52,"Summer",4.2,"Unisex","Beige","Free"
"Lace-up Formal Shoes","Footwear",4328,100,"Autumn",4.3,"Men","Pink","L"
"Trench Coat","Outerwear",3576,39,"Autumn",4.6,"Unisex","White","XS"
"Compression Gym Tee","Sportswear",862,41,"Spring",4.8,"Men","Black","S"
"Cargo Utility Pants","Bottoms",919,67,"Winter",3.8,"Men","Green","XL"
"Trench Coat","Outerwear",2780,56,"Spring",4.8,"Unisex","Navy","XS"
"Slim Fit Polo Shirt","Tops",499,55,"Summer",3.6,"Men","Black","XL"
"Lace-up Formal Shoes","Footwear",1473,75,"Spring",4.5,"Men","Red","XS"
"Silk Party Gown","Dresses",4412,69,"Autumn",4.4,"Women","Red","XS"
"Floral Sundress","Dresses",4802,84,"Spring",4.1,"Women","Olive","XXL"
"Silk Party Gown","Dresses",2220,74,"Autumn",4.8,"Women","Blue","M"
"Slim Fit Denim Jeans","Bottoms",1916,47,"Spring",4.1,"Unisex","Grey","M"
"Oversized Fleece Hoodie","Outerwear",3267,49,"Spring",3.7,"Unisex","Black","XS"
"Leather Chelsea Boots","Footwear",6791,49,"Autumn",4.8,"Men","Black","L"
"Compression Gym Tee","Sportswear",565,45,"Autumn",3.8,"Men","Green","XXL"
"Embroidery Salwar Kameez","Ethnic Wear",2251,75,"Winter",4.3,"Women","Black","XS"
"Lace-up Formal Shoes","Footwear",2321,42,"Spring",4.4,"Men","Green","XS"
"Slim Fit Polo Shirt","Tops",1167,53,"Spring",4.2,"Men","Yellow","L"
"Classic Cotton T-Shirt","Tops",1175,55,"Autumn",4.6,"Unisex","Olive","XXL"
"Classic Cotton T-Shirt","Tops",1002,83,"Autumn",4.0,"Unisex","Navy","Free"
"Compression Gym Tee","Sportswear",1536,50,"Autumn",3.7,"Men","Olive","XL"
"V-Neck Camisole","Tops",746,78,"Autumn",4.4,"Women","Blue","L"
"Linen Summer Dress","Dresses",1665,41,"Winter",3.8,"Women","Blue","S"
"Knitted Sweater Vest","Outerwear",3820,69,"Summer",4.3,"Unisex","White","S"
"Lace-up Formal Shoes","Footwear",2228,92,"Autumn",4.6,"Men","Navy","S"
"Compression Gym Tee","Sportswear",1119,25,"Winter",4.3,"Men","Blue","S"
"Activewear Joggers","Sportswear",1604,80,"Winter",3.6,"Unisex","Beige","S"
"Silk Party Gown","Dresses",4517,36,"Spring",3.9,"Women","Grey","L"
"Slim Fit Denim Jeans","Bottoms",896,28,"Summer",3.7,"Unisex","Grey","S"
"Strappy Sandals","Footwear",6531,52,"Summer",4.1,"Women","White","XXL"
"Anarkali Kurti","Ethnic Wear",1490,100,"Spring",4.4,"Women","Yellow","S"
"Chino Trousers","Bottoms",2366,51,"Spring",4.8,"Men","Pink","XXL"
"Classic Canvas Sneakers","Footwear",2593,41,"Winter",3.8,"Unisex","White","XL"
"Compression Gym Tee","Sportswear",726,84,"Spring",5.0,"Men","White","XS"
"Casual Denim Jacket","Outerwear",3417,45,"Summer",4.5,"Unisex","Red","S"
"Embroidery Salwar Kameez","Ethnic Wear",5438,79,"Winter",3.8,"Women","Pink","Free"
"Pleated Skirt","Bottoms",1634,58,"Summer",4.5,"Women","Yellow","XS"
"Leather Chelsea Boots","Footwear",1336,37,"Autumn",4.0,"Men","Pink","L"
"Knitted Sweater Vest","Outerwear",1538,41,"Winter",4.6,"Unisex","Blue","L"
"Wrap Midi Dress","Dresses",3564,54,"Autumn",3.7,"Women","Green","XS"
"Chino Trousers","Bottoms",1400,69,"Autumn",3.9,"Men","Blue","Free"
"Floral Print Saree","Ethnic Wear",1911,97,"Spring",4.3,"Women","Olive","XXL"
"Linen Shorts","Bottoms",1828,91,"Summer",4.7,"Unisex","Pink","L"
"Compression Gym Tee","Sportswear",1612,84,"Spring",4.8,"Men","Grey","XXL"
"Linen Shorts","Bottoms",1133,77,"Spring",4.7,"Unisex","Green","Free"
"V-Neck Camisole","Tops",510,50,"Winter",4.4,"Women","Olive","XL"
"Cargo Utility Pants","Bottoms",1603,84,"Autumn",4.5,"Men","White","Free"
"Classic Canvas Sneakers","Footwear",4449,63,"Winter",4.1,"Unisex","Blue","Free"
"Activewear Joggers","Sportswear",1456,74,"Spring",3.7,"Unisex","Beige","XS"
"Classic Canvas Sneakers","Footwear",2819,60,"Autumn",4.8,"Unisex","Pink","XS"
"Linen Summer Dress","Dresses",3177,64,"Autumn",4.7,"Women","Pink","Free"
"Running Shorts","Sportswear",1585,75,"Autumn",4.1,"Unisex","Blue","L"
"Linen Summer Dress","Dresses",2772,51,"Spring",4.8,"Women","Green","XXL"
"Casual Denim Jacket","Outerwear",3956,56,"Winter",3.7,"Unisex","Pink","S"
"Silk Kurta Pajama","Ethnic Wear",4159,40,"Winter",4.2,"Men","White","XL"
"Activewear Joggers","Sportswear",1458,62,"Spring",4.9,"Unisex","Beige","S"
"Activewear Joggers","Sportswear",1560,88,"Autumn",3.7,"Unisex","Navy","XS"
"Knitted Sweater Vest","Outerwear",2256,53,"Summer",3.8,"Unisex","Olive","Free"
"Chino Trousers","Bottoms",959,72,"Summer",4.5,"Men","Grey","XS"
"Activewear Joggers","Sportswear",1689,52,"Winter",3.7,"Unisex","Blue","S"
"Compression Gym Tee","Sportswear",1073,45,"Autumn",5.0,"Men","Navy","XL"
"Linen Shorts","Bottoms",2279,69,"Summer",4.9,"Unisex","Red","S"
"Anarkali Kurti","Ethnic Wear",1421,95,"Spring",4.0,"Women","Navy","XL"
"Activewear Joggers","Sportswear",881,68,"Winter",5.0,"Unisex","Grey","XL"
"Activewear Joggers","Sportswear",832,82,"Winter",3.7,"Unisex","White","S"
"Activewear Joggers","Sportswear",1344,65,"Spring",4.2,"Unisex","Yellow","XS"
"Leather Chelsea Boots","Footwear",4525,44,"Summer",5.0,"Men","Pink","XXL"
"Knitted Sweater Vest","Outerwear",3355,100,"Autumn",4.5,"Unisex","Black","M"
"Silk Kurta Pajama","Ethnic Wear",5741,84,"Spring",3.9,"Men","Grey","L"
"V-Neck Camisole","Tops",1123,100,"Summer",4.3,"Women","Beige","M"
"Crop Hooded Top","Tops",376,80,"Summer",4.9,"Women","Olive","XL"
"Linen Summer Dress","Dresses",3207,45,"Winter",4.1,"Women","Blue","Free"
"Crop Hooded Top","Tops",1059,71,"Spring",4.2,"Women","Black","XL"
"Chino Trousers","Bottoms",1100,49,"Winter",3.9,"Men","Green","XXL"
"Cargo Utility Pants","Bottoms",953,47,"Winter",3.8,"Men","Pink","M"
"Running Shorts","Sportswear",685,95,"Summer",4.1,"Unisex","Red","Free"
"Silk Party Gown","Dresses",1410,23,"Summer",3.6,"Women","Red","S"
"Running Shorts","Sportswear",772,94,"Summer",4.4,"Unisex","Navy","Free"
"Silk Kurta Pajama","Ethnic Wear",2265,70,"Autumn",3.9,"Men","Grey","XXL"
"Pleated Skirt","Bottoms",1598,61,"Autumn",4.4,"Women","Grey","S"
"Lace-up Formal Shoes","Footwear",6219,65,"Winter",5.0,"Men","Navy","L"
"Linen Shorts","Bottoms",1001,50,"Spring",4.3,"Unisex","Beige","XXL"
"Silk Party Gown","Dresses",4145,85,"Winter",4.6,"Women","White","XXL"
"Leather Chelsea Boots","Footwear",6260,92,"Winter",4.0,"Men","Red","M"
"Casual Denim Jacket","Outerwear",3915,41,"Summer",4.5,"Unisex","Grey","M"
"Knitted Sweater Vest","Outerwear",1503,51,"Spring",4.4,"Unisex","Grey","M"
"Trench Coat","Outerwear",3716,37,"Summer",3.8,"Unisex","Beige","L"
"Running Shorts","Sportswear",532,45,"Autumn",4.6,"Unisex","Olive","Free"
"Floral Sundress","Dresses",3321,56,"Summer",3.8,"Women","White","M"
"Classic Cotton T-Shirt","Tops",323,42,"Autumn",3.9,"Unisex","Red","Free"
"Linen Shorts","Bottoms",2465,49,"Spring",5.0,"Unisex","Grey","XXL"
"Oversized Fleece Hoodie","Outerwear",2501,47,"Autumn",4.8,"Unisex","Green","M"
"Anarkali Kurti","Ethnic Wear",1168,36,"Summer",4.9,"Women","Beige","S"
"Compression Gym Tee","Sportswear",1456,100,"Summer",4.1,"Men","Blue","L"
"Floral Sundress","Dresses",1578,42,"Winter",3.9,"Women","Red","XXL"
"Compression Gym Tee","Sportswear",976,75,"Autumn",4.8,"Men","Green","XL"
"Trench Coat","Outerwear",4052,90,"Winter",3.7,"Unisex","Red","S"
"Linen Button-up","Tops",647,38,"Winter",4.8,"Men","Navy","L"
"Oversized Fleece Hoodie","Outerwear",1507,55,"Autumn",4.6,"Unisex","Green","M"
"Cargo Utility Pants","Bottoms",1780,83,"Winter",4.8,"Men","Red","XXL"
"Trench Coat","Outerwear",2206,82,"Autumn",4.1,"Unisex","Black","L"
"Oversized Fleece Hoodie","Outerwear",3382,78,"Winter",3.7,"Unisex","Black","XXL"
"V-Neck Camisole","Tops",475,21,"Winter",4.1,"Women","Beige","XL"
"Leather Chelsea Boots","Footwear",2187,38,"Summer",4.7,"Men","Black","Free"
"Trench Coat","Outerwear",2416,34,"Summer",3.8,"Unisex","Navy","M"
"Casual Denim Jacket","Outerwear",3854,49,"Autumn",4.9,"Unisex","White","XS"
"Silk Kurta Pajama","Ethnic Wear",1155,80,"Autumn",3.8,"Men","Navy","L"
"Linen Shorts","Bottoms",1645,58,"Autumn",4.9,"Unisex","Red","Free"
"Lace-up Formal Shoes","Footwear",4421,58,"Spring",4.9,"Men","Olive","XL"
"Oversized Fleece Hoodie","Outerwear",3917,31,"Summer",4.7,"Unisex","White","XS"
"Linen Button-up","Tops",425,100,"Spring",3.7,"Men","Black","XL"
"Linen Shorts","Bottoms",2098,68,"Spring",4.8,"Unisex","Yellow","Free"
"Floral Print Saree","Ethnic Wear",1782,84,"Winter",4.1,"Women","Red","S"
"Activewear Joggers","Sportswear",1696,79,"Winter",4.5,"Unisex","Red","M"
"Anarkali Kurti","Ethnic Wear",4057,59,"Spring",4.1,"Women","Green","XS"
"Floral Print Saree","Ethnic Wear",1409,100,"Spring",4.0,"Women","Black","L"
"Floral Sundress","Dresses",2097,78,"Autumn",4.6,"Women","Pink","S"
"Cargo Utility Pants","Bottoms",2212,59,"Spring",4.3,"Men","Navy","S"
"Slim Fit Denim Jeans","Bottoms",1106,58,"Spring",3.6,"Unisex","Black","L"
"Running Shorts","Sportswear",1668,47,"Spring",3.8,"Unisex","Blue","Free"
"Chino Trousers","Bottoms",1656,46,"Winter",4.3,"Men","Olive","XS"
"Trench Coat","Outerwear",2193,58,"Autumn",4.6,"Unisex","Olive","XL"
"Linen Button-up","Tops",543,59,"Winter",3.8,"Men","Yellow","Free"
"Classic Cotton T-Shirt","Tops",555,54,"Spring",4.0,"Unisex","Blue","Free"
"Embroidery Salwar Kameez","Ethnic Wear",2123,99,"Autumn",4.1,"Women","Beige","Free"
"Knitted Sweater Vest","Outerwear",1519,36,"Summer",4.6,"Unisex","Navy","XL"
"V-Neck Camisole","Tops",331,83,"Autumn",4.2,"Women","Black","L"
"Oversized Fleece Hoodie","Outerwear",3942,42,"Autumn",4.9,"Unisex","Blue","Free"
"Compression Gym Tee","Sportswear",1283,60,"Spring",4.6,"Men","Grey","S"
"Strappy Sandals","Footwear",3215,83,"Spring",4.5,"Women","Grey","S"
"Running Shorts","Sportswear",1744,51,"Spring",4.7,"Unisex","Blue","Free"
"Running Shorts","Sportswear",724,43,"Autumn",5.0,"Unisex","Yellow","S"
"Linen Summer Dress","Dresses",2350,57,"Spring",3.9,"Women","Black","XXL"
"Slim Fit Polo Shirt","Tops",622,43,"Winter",4.5,"Men","Yellow","XXL"
"Floral Print Saree","Ethnic Wear",4959,62,"Summer",4.3,"Women","Black","XL"
"Activewear Joggers","Sportswear",1177,69,"Summer",4.0,"Unisex","Grey","XS"
"V-Neck Camisole","Tops",311,29,"Winter",4.2,"Women","White","Free"
"Floral Print Saree","Ethnic Wear",3984,50,"Spring",4.2,"Women","Yellow","Free"
"Leather Chelsea Boots","Footwear",1208,50,"Summer",4.5,"Men","Grey","Free"
"Linen Button-up","Tops",1033,65,"Winter",4.0,"Men","Green","XXL"
"Slim Fit Polo Shirt","Tops",1157,51,"Autumn",4.0,"Men","Black","S"
"Lace-up Formal Shoes","Footwear",3376,66,"Autumn",4.4,"Men","Olive","XS"
"Casual Denim Jacket","Outerwear",1676,46,"Spring",4.0,"Unisex","Navy","XL"
"Classic Cotton T-Shirt","Tops",942,36,"Spring",3.9,"Unisex","Green","XL"
"Slim Fit Denim Jeans","Bottoms",2093,56,"Winter",4.7,"Unisex","Pink","XXL"
"Classic Canvas Sneakers","Footwear",5856,82,"Winter",4.8,"Unisex","Green","XL"
"Leather Chelsea Boots","Footwear",1573,64,"Winter",4.0,"Men","Yellow","XXL"
"Embroidery Salwar Kameez","Ethnic Wear",4130,58,"Spring",3.9,"Women","Navy","L"
"Strappy Sandals","Footwear",2888,65,"Autumn",4.0,"Women","Red","S"
"Oversized Fleece Hoodie","Outerwear",2766,54,"Spring",4.7,"Unisex","Blue","M"
"Wrap Midi Dress","Dresses",4465,57,"Winter",4.6,"Women","Grey","L"
"Trench Coat","Outerwear",2455,44,"Spring",3.8,"Unisex","Green","M"
"Silk Kurta Pajama","Ethnic Wear",3325,72,"Summer",3.8,"Men","Blue","M"
"Linen Button-up","Tops",741,71,"Winter",4.3,"Men","Beige","S"
"Activewear Joggers","Sportswear",804,81,"Winter",3.8,"Unisex","Blue","XS"
"V-Neck Camisole","Tops",514,49,"Summer",4.3,"Women","Grey","XS"
"Floral Sundress","Dresses",2634,66,"Summer",4.3,"Women","White","XXL"
"Knitted Sweater Vest","Outerwear",2335,49,"Summer",4.8,"Unisex","Pink","S"
"Leather Chelsea Boots","Footwear",5611,64,"Autumn",4.0,"Men","Beige","XL"
"Chino Trousers","Bottoms",1361,63,"Summer",3.8,"Men","Red","XXL"
"Compression Gym Tee","Sportswear",1139,44,"Winter",4.8,"Men","Green","Free"
"Silk Kurta Pajama","Ethnic Wear",3603,100,"Spring",4.2,"Men","Black","L"
"Strappy Sandals","Footwear",4366,28,"Winter",4.9,"Women","Beige","S"
"Oversized Fleece Hoodie","Outerwear",4053,62,"Winter",3.8,"Unisex","White","XXL"
"Floral Sundress","Dresses",2070,76,"Spring",4.8,"Women","White","M"
"Running Shorts","Sportswear",1502,83,"Autumn",4.8,"Unisex","Black","Free"
"Floral Sundress","Dresses",2232,100,"Summer",4.2,"Women","Navy","XL"
"Anarkali Kurti","Ethnic Wear",1381,100,"Spring",3.9,"Women","Beige","Free"
"Floral Print Saree","Ethnic Wear",2210,39,"Autumn",4.9,"Women","Green","S"
"Leather Chelsea Boots","Footwear",4538,32,"Summer",4.3,"Men","Olive","S"
"Leather Chelsea Boots","Footwear",6640,36,"Summer",3.7,"Men","Navy","XS"
"Compression Gym Tee","Sportswear",1085,53,"Summer",3.9,"Men","Black","XL"
"Linen Button-up","Tops",1188,36,"Summer",4.8,"Men","Olive","XXL"
"Linen Button-up","Tops",541,37,"Winter",4.9,"Men","Beige","S"
"Silk Party Gown","Dresses",1315,66,"Spring",5.0,"Women","Olive","L"
"Running Shorts","Sportswear",572,94,"Summer",3.7,"Unisex","Yellow","XS"
"Leather Chelsea Boots","Footwear",1592,74,"Spring",3.7,"Men","Pink","S"
"Casual Denim Jacket","Outerwear",3840,85,"Winter",3.7,"Unisex","Pink","XS"
"Crop Hooded Top","Tops",453,80,"Summer",4.0,"Women","Pink","M"
"Pleated Skirt","Bottoms",1555,66,"Winter",3.8,"Women","Pink","L"
"Linen Button-up","Tops",469,84,"Spring",3.9,"Men","Pink","XXL"
"Linen Summer Dress","Dresses",2448,29,"Winter",3.8,"Women","Blue","XS"
"Classic Canvas Sneakers","Footwear",5089,76,"Summer",4.8,"Unisex","Green","XL"
"Linen Summer Dress","Dresses",4198,75,"Spring",4.7,"Women","Beige","XL"
"Running Shorts","Sportswear",1469,80,"Autumn",4.5,"Unisex","Pink","S"
"Floral Sundress","Dresses",3062,97,"Summer",4.6,"Women","Olive","Free"
"Floral Sundress","Dresses",2775,71,"Summer",3.6,"Women","Olive","S"
"Lace-up Formal Shoes","Footwear",5360,78,"Spring",4.1,"Men","White","S"
"Classic Canvas Sneakers","Footwear",1605,60,"Spring",4.8,"Unisex","Blue","Free"
"Linen Button-up","Tops",1116,80,"Winter",5.0,"Men","Olive","XXL"
"Lace-up Formal Shoes","Footwear",1268,43,"Spring",4.7,"Men","Pink","S"
"Linen Summer Dress","Dresses",2716,35,"Winter",4.2,"Women","Olive","Free"
"Anarkali Kurti","Ethnic Wear",5159,81,"Winter",4.1,"Women","Navy","L"
"V-Neck Camisole","Tops",495,50,"Autumn",4.8,"Women","Blue","M"
"Wrap Midi Dress","Dresses",4321,65,"Autumn",3.7,"Women","Blue","S"
"Classic Canvas Sneakers","Footwear",3622,100,"Spring",5.0,"Unisex","Black","Free"
"Trench Coat","Outerwear",1607,66,"Autumn",4.2,"Unisex","Pink","XS"
"Silk Party Gown","Dresses",3717,38,"Spring",3.8,"Women","Red","S"
"Chino Trousers","Bottoms",920,38,"Spring",4.6,"Men","Navy","XXL"
"Silk Kurta Pajama","Ethnic Wear",983,57,"Winter",4.6,"Men","Yellow","M"
"Pleated Skirt","Bottoms",1068,38,"Autumn",3.9,"Women","Green","M"
"Oversized Fleece Hoodie","Outerwear",3875,42,"Spring",4.5,"Unisex","Yellow","L"
"V-Neck Camisole","Tops",655,25,"Winter",4.2,"Women","Grey","XS"
"Activewear Joggers","Sportswear",1647,48,"Winter",4.0,"Unisex","Red","Free"
"Embroidery Salwar Kameez","Ethnic Wear",3588,100,"Autumn",3.7,"Women","Grey","XS"
"Cargo Utility Pants","Bottoms",1598,56,"Autumn",4.7,"Men","Green","M"
"Classic Cotton T-Shirt","Tops",972,55,"Spring",4.1,"Unisex","Blue","L"
"Classic Cotton T-Shirt","Tops",668,36,"Winter",4.6,"Unisex","Navy","S"
"Leather Chelsea Boots","Footwear",4434,55,"Winter",4.8,"Men","Green","S"
"Linen Button-up","Tops",444,83,"Spring",3.6,"Men","Black","XS"
"Casual Denim Jacket","Outerwear",2387,46,"Spring",3.8,"Unisex","Olive","XXL"
"Crop Hooded Top","Tops",954,42,"Summer",4.6,"Women","Olive","XS"
"Silk Party Gown","Dresses",4811,36,"Summer",4.8,"Women","Green","L"
"Chino Trousers","Bottoms",2399,100,"Autumn",4.1,"Men","Navy","XS"
"Linen Shorts","Bottoms",2472,61,"Autumn",4.1,"Unisex","Green","Free"
"Compression Gym Tee","Sportswear",1224,62,"Autumn",4.2,"Men","Grey","XL"
"Lace-up Formal Shoes","Footwear",3434,49,"Winter",4.4,"Men","Olive","S"
"Classic Cotton T-Shirt","Tops",369,58,"Spring",4.7,"Unisex","Grey","XL"
"Strappy Sandals","Footwear",2088,55,"Autumn",4.2,"Women","Grey","XXL"
"Linen Summer Dress","Dresses",1440,46,"Winter",4.0,"Women","Yellow","XS"
"Embroidery Salwar Kameez","Ethnic Wear",2954,100,"Autumn",4.7,"Women","Red","XS"
"Activewear Joggers","Sportswear",1608,77,"Autumn",4.8,"Unisex","White","S"
"Pleated Skirt","Bottoms",1074,81,"Summer",4.9,"Women","Red","M"
"V-Neck Camisole","Tops",683,58,"Spring",3.8,"Women","White","S"
"Slim Fit Polo Shirt","Tops",1015,84,"Spring",4.3,"Men","White","Free"
"Lace-up Formal Shoes","Footwear",6945,100,"Autumn",4.0,"Men","Beige","S"
"Activewear Joggers","Sportswear",619,68,"Spring",4.7,"Unisex","Yellow","XXL"
"Classic Canvas Sneakers","Footwear",5469,75,"Summer",4.8,"Unisex","White","XL"
"Oversized Fleece Hoodie","Outerwear",1536,74,"Winter",4.5,"Unisex","Black","XS"
"Leather Chelsea Boots","Footwear",2962,77,"Autumn",4.4,"Men","Yellow","S"
"Classic Canvas Sneakers","Footwear",3375,78,"Summer",3.9,"Unisex","White","XXL"
"Activewear Joggers","Sportswear",880,77,"Summer",4.0,"Unisex","Navy","XL"
"Running Shorts","Sportswear",1295,43,"Winter",3.7,"Unisex","Blue","Free"
"Casual Denim Jacket","Outerwear",2710,100,"Winter",3.7,"Unisex","Blue","XL"
"Lace-up Formal Shoes","Footwear",5004,100,"Autumn",4.9,"Men","Black","XXL"
"Slim Fit Denim Jeans","Bottoms",980,88,"Winter",4.5,"Unisex","White","XXL"
"Silk Kurta Pajama","Ethnic Wear",4382,83,"Winter",4.4,"Men","Navy","XL"
"Anarkali Kurti","Ethnic Wear",4096,67,"Autumn",4.8,"Women","Red","Free"
"V-Neck Camisole","Tops",480,38,"Spring",3.7,"Women","Olive","XL"
"Leather Chelsea Boots","Footwear",3565,77,"Autumn",4.4,"Men","Black","L"
"Wrap Midi Dress","Dresses",4141,55,"Winter",4.5,"Women","Green","XXL"
"Activewear Joggers","Sportswear",706,84,"Autumn",3.9,"Unisex","Red","S"
"Trench Coat","Outerwear",3705,73,"Spring",3.7,"Unisex","Black","Free"
"Floral Print Saree","Ethnic Wear",1946,45,"Winter",4.2,"Women","Pink","XXL"
"Classic Canvas Sneakers","Footwear",3621,84,"Summer",3.6,"Unisex","Black","XL"
"Classic Cotton T-Shirt","Tops",977,39,"Spring",4.4,"Unisex","Navy","XXL"
"Running Shorts","Sportswear",703,71,"Summer",3.7,"Unisex","Blue","XS"
"Slim Fit Denim Jeans","Bottoms",2079,49,"Summer",3.9,"Unisex","White","M"
"Embroidery Salwar Kameez","Ethnic Wear",3576,82,"Spring",4.1,"Women","Green","L"
"Compression Gym Tee","Sportswear",1368,60,"Autumn",4.4,"Men","Blue","M"
"Anarkali Kurti","Ethnic Wear",4320,53,"Summer",4.9,"Women","Navy","XXL"
"Wrap Midi Dress","Dresses",3561,46,"Autumn",4.6,"Women","Black","XXL"
"Pleated Skirt","Bottoms",885,81,"Winter",4.9,"Women","Grey","L"
"Trench Coat","Outerwear",2030,35,"Autumn",3.6,"Unisex","Olive","XL"
"Linen Summer Dress","Dresses",2999,45,"Winter",3.6,"Women","Yellow","M"
"Strappy Sandals","Footwear",5803,84,"Autumn",4.8,"Women","Red","XS"
"Chino Trousers","Bottoms",2289,65,"Summer",4.7,"Men","Red","Free"
"Slim Fit Denim Jeans","Bottoms",1165,77,"Autumn",5.0,"Unisex","Grey","M"
"Activewear Joggers","Sportswear",1593,68,"Spring",4.3,"Unisex","Black","XXL"
"Pleated Skirt","Bottoms",1725,57,"Summer",4.0,"Women","Grey","L"
"Embroidery Salwar Kameez","Ethnic Wear",1629,61,"Summer",3.8,"Women","White","S"
"Floral Sundress","Dresses",3649,44,"Winter",4.5,"Women","Olive","S"
"Compression Gym Tee","Sportswear",1105,55,"Spring",3.9,"Men","Yellow","Free"
"Running Shorts","Sportswear",763,70,"Autumn",4.4,"Unisex","Red","S"
"Strappy Sandals","Footwear",6055,78,"Summer",4.1,"Women","Red","L"
"Embroidery Salwar Kameez","Ethnic Wear",5640,71,"Spring",3.6,"Women","Grey","Free"
"Casual Denim Jacket","Outerwear",2151,23,"Summer",4.3,"Unisex","Black","S"
"Compression Gym Tee","Sportswear",608,79,"Autumn",4.5,"Men","Blue","M"
"Silk Party Gown","Dresses",4681,100,"Winter",4.2,"Women","Olive","XL"
"Chino Trousers","Bottoms",2158,42,"Summer",3.8,"Men","Black","XL"
"Leather Chelsea Boots","Footwear",1450,37,"Autumn",4.6,"Men","Yellow","M"
"Activewear Joggers","Sportswear",1528,39,"Summer",3.8,"Unisex","Yellow","L"
"Pleated Skirt","Bottoms",2392,62,"Winter",4.2,"Women","Navy","S"
"Silk Kurta Pajama","Ethnic Wear",5806,67,"Autumn",4.0,"Men","Olive","M"
"Linen Button-up","Tops",1194,77,"Winter",4.2,"Men","Navy","Free"
"Floral Print Saree","Ethnic Wear",3933,100,"Spring",3.8,"Women","Green","S"
"Floral Print Saree","Ethnic Wear",5417,55,"Autumn",4.7,"Women","Red","XS"
"Chino Trousers","Bottoms",1771,74,"Autumn",4.8,"Men","Black","XS"
"Floral Print Saree","Ethnic Wear",5360,36,"Summer",4.6,"Women","Grey","XL"
"Classic Canvas Sneakers","Footwear",5067,59,"Spring",4.0,"Unisex","Red","M"
"Oversized Fleece Hoodie","Outerwear",3730,87,"Winter",3.6,"Unisex","Beige","XL"
"Crop Hooded Top","Tops",983,62,"Spring",4.1,"Women","White","S"
"Strappy Sandals","Footwear",3181,46,"Autumn",4.0,"Women","Red","M"
"Silk Party Gown","Dresses",3479,49,"Summer",4.1,"Women","Pink","Free"
"Embroidery Salwar Kameez","Ethnic Wear",5760,97,"Autumn",3.8,"Women","Beige","XXL"
"Floral Sundress","Dresses",4556,41,"Winter",3.7,"Women","Blue","XXL"
"Lace-up Formal Shoes","Footwear",2281,52,"Autumn",3.7,"Men","Navy","XL"
"Pleated Skirt","Bottoms",2334,82,"Winter",4.6,"Women","Beige","XXL"
"Linen Button-up","Tops",1050,58,"Winter",4.7,"Men","Grey","Free"
"Oversized Fleece Hoodie","Outerwear",3857,67,"Autumn",4.7,"Unisex","Yellow","L"
"Strappy Sandals","Footwear",6284,45,"Winter",3.7,"Women","Red","M"
"Cargo Utility Pants","Bottoms",2418,75,"Summer",4.3,"Men","Beige","XS"
"Compression Gym Tee","Sportswear",1784,37,"Winter",4.8,"Men","Beige","XS"
"Floral Print Saree","Ethnic Wear",3226,40,"Summer",4.0,"Women","Beige","XS"
"Linen Button-up","Tops",486,78,"Spring",4.8,"Men","Red","XL"
"Trench Coat","Outerwear",4345,44,"Spring",4.7,"Unisex","Yellow","L"
"Classic Canvas Sneakers","Footwear",2537,40,"Summer",3.6,"Unisex","Green","M"
"Oversized Fleece Hoodie","Outerwear",2908,76,"Autumn",4.9,"Unisex","Green","S"
"Leather Chelsea Boots","Footwear",3747,35,"Spring",4.7,"Men","Beige","S"
"Classic Cotton T-Shirt","Tops",737,64,"Summer",4.5,"Unisex","Yellow","XXL"
"Classic Canvas Sneakers","Footwear",5343,51,"Winter",4.2,"Unisex","Yellow","M"
"Floral Print Saree","Ethnic Wear",1016,81,"Spring",4.5,"Women","Grey","XS"
"Activewear Joggers","Sportswear",548,48,"Spring",4.6,"Unisex","Blue","L"
"Trench Coat","Outerwear",2544,37,"Autumn",4.0,"Unisex","White","S"
"Slim Fit Denim Jeans","Bottoms",2177,100,"Winter",4.6,"Unisex","Red","XS"
"Running Shorts","Sportswear",1063,41,"Spring",4.9,"Unisex","Black","L"
"Running Shorts","Sportswear",1133,73,"Summer",3.7,"Unisex","Olive","XS"
"Oversized Fleece Hoodie","Outerwear",2948,35,"Spring",4.9,"Unisex","White","XXL"
"V-Neck Camisole","Tops",687,51,"Autumn",5.0,"Women","Red","L"
"Anarkali Kurti","Ethnic Wear",4751,74,"Summer",4.4,"Women","Green","XL"
"Wrap Midi Dress","Dresses",2677,36,"Winter",3.8,"Women","Yellow","XXL"
"Activewear Joggers","Sportswear",546,45,"Summer",3.6,"Unisex","Blue","L"
"Crop Hooded Top","Tops",348,60,"Winter",4.6,"Women","Navy","XS"
"Embroidery Salwar Kameez","Ethnic Wear",4409,65,"Spring",5.0,"Women","Yellow","M"
"Classic Canvas Sneakers","Footwear",2177,100,"Spring",3.7,"Unisex","Navy","L"
"Linen Summer Dress","Dresses",4360,44,"Winter",4.0,"Women","Olive","XXL"
"Leather Chelsea Boots","Footwear",6521,28,"Summer",4.7,"Men","Black","Free"
"Silk Kurta Pajama","Ethnic Wear",2933,83,"Autumn",4.2,"Men","Beige","XS"
"Floral Print Saree","Ethnic Wear",2034,100,"Spring",4.0,"Women","Navy","XXL"
"Cargo Utility Pants","Bottoms",2327,84,"Summer",4.9,"Men","Grey","XS"
"Lace-up Formal Shoes","Footwear",3944,46,"Summer",4.8,"Men","Olive","L"
"Wrap Midi Dress","Dresses",2885,75,"Summer",4.9,"Women","Black","M"
"Compression Gym Tee","Sportswear",584,46,"Winter",4.9,"Men","Green","Free"
"Classic Canvas Sneakers","Footwear",5103,78,"Autumn",4.0,"Unisex","Beige","L"
"Running Shorts","Sportswear",1243,56,"Autumn",4.1,"Unisex","Black","XL"
"Pleated Skirt","Bottoms",1869,62,"Winter",4.4,"Women","Black","S"
"Cargo Utility Pants","Bottoms",1976,74,"Spring",4.8,"Men","Pink","S"
"Strappy Sandals","Footwear",2865,70,"Spring",4.4,"Women","Black","M"
"Crop Hooded Top","Tops",907,83,"Autumn",3.8,"Women","Yellow","L"
"Wrap Midi Dress","Dresses",2196,43,"Winter",4.3,"Women","Olive","XS"
"Oversized Fleece Hoodie","Outerwear",3596,42,"Summer",3.9,"Unisex","Yellow","XL"
"Strappy Sandals","Footwear",1717,100,"Summer",3.9,"Women","Blue","XXL"
"Running Shorts","Sportswear",564,64,"Autumn",3.8,"Unisex","Red","M"
"Anarkali Kurti","Ethnic Wear",2442,76,"Spring",4.1,"Women","Olive","L"
"Cargo Utility Pants","Bottoms",2357,42,"Winter",3.6,"Men","Blue","Free"
"Lace-up Formal Shoes","Footwear",3935,78,"Summer",4.1,"Men","Grey","M"
"Linen Button-up","Tops",890,73,"Spring",3.9,"Men","Black","S"
"Embroidery Salwar Kameez","Ethnic Wear",5128,62,"Summer",3.9,"Women","Grey","M"
"Running Shorts","Sportswear",1156,49,"Winter",3.8,"Unisex","Beige","XL"
"Compression Gym Tee","Sportswear",542,21,"Winter",4.5,"Men","Beige","XS"
"Running Shorts","Sportswear",1047,70,"Spring",3.9,"Unisex","Black","Free"
"Classic Canvas Sneakers","Footwear",5066,39,"Summer",3.9,"Unisex","Black","Free"
"Casual Denim Jacket","Outerwear",3696,69,"Autumn",4.0,"Unisex","Olive","XL"
"Activewear Joggers","Sportswear",799,47,"Summer",4.1,"Unisex","Navy","XS"
"Slim Fit Polo Shirt","Tops",712,69,"Summer",4.8,"Men","Yellow","M"
"Silk Kurta Pajama","Ethnic Wear",1159,76,"Winter",4.2,"Men","Blue","Free"
"Trench Coat","Outerwear",3412,50,"Autumn",4.2,"Unisex","Olive","S"
"Knitted Sweater Vest","Outerwear",2799,54,"Spring",4.1,"Unisex","Beige","Free"
"Wrap Midi Dress","Dresses",1941,59,"Autumn",4.4,"Women","Black","XXL"
"Floral Sundress","Dresses",3971,78,"Summer",4.9,"Women","Green","L"
"Linen Summer Dress","Dresses",2744,46,"Winter",4.2,"Women","Blue","Free"
"V-Neck Camisole","Tops",716,28,"Winter",3.8,"Women","Grey","Free"
"Linen Shorts","Bottoms",1588,23,"Winter",4.0,"Unisex","Beige","L"
"Classic Canvas Sneakers","Footwear",3855,40,"Autumn",3.7,"Unisex","Grey","M"
"Strappy Sandals","Footwear",3806,66,"Summer",4.3,"Women","Grey","XL"
"Lace-up Formal Shoes","Footwear",2841,55,"Spring",4.9,"Men","Green","Free"
"Pleated Skirt","Bottoms",1090,100,"Spring",4.7,"Women","White","M"
"Slim Fit Polo Shirt","Tops",1174,71,"Summer",4.6,"Men","White","Free"
"Anarkali Kurti","Ethnic Wear",3136,58,"Summer",4.5,"Women","Beige","S"
"V-Neck Camisole","Tops",1039,71,"Summer",3.6,"Women","Red","XS"
"Crop Hooded Top","Tops",1121,76,"Autumn",4.6,"Women","Beige","M"
"Floral Sundress","Dresses",3317,90,"Summer",4.4,"Women","Beige","S"
"Compression Gym Tee","Sportswear",1599,46,"Spring",3.9,"Men","White","Free"
"Running Shorts","Sportswear",910,52,"Summer",4.2,"Unisex","Blue","Free"
"Classic Canvas Sneakers","Footwear",3044,49,"Summer",3.8,"Unisex","Beige","S"
"Oversized Fleece Hoodie","Outerwear",2892,77,"Spring",4.1,"Unisex","White","XXL"
"Wrap Midi Dress","Dresses",4999,73,"Spring",3.6,"Women","Navy","XXL"
"V-Neck Camisole","Tops",1082,84,"Spring",3.8,"Women","Pink","XXL"
"Strappy Sandals","Footwear",2512,40,"Autumn",3.7,"Women","Green","XS"
"Lace-up Formal Shoes","Footwear",6795,78,"Autumn",4.8,"Men","Navy","S"
"Crop Hooded Top","Tops",381,56,"Winter",3.7,"Women","Red","XS"
"Silk Party Gown","Dresses",3319,47,"Summer",4.8,"Women","Navy","XL"
"Running Shorts","Sportswear",820,87,"Summer",4.2,"Unisex","Navy","XS"
"Activewear Joggers","Sportswear",544,38,"Winter",4.4,"Unisex","Olive","XXL"
"Cargo Utility Pants","Bottoms",799,95,"Spring",3.7,"Men","Olive","Free"
"Casual Denim Jacket","Outerwear",2697,100,"Winter",3.7,"Unisex","Navy","S"
"Classic Cotton T-Shirt","Tops",1006,25,"Winter",4.8,"Unisex","Beige","XL"
"Wrap Midi Dress","Dresses",4572,76,"Spring",4.4,"Women","Pink","M"
"Pleated Skirt","Bottoms",1190,36,"Summer",4.0,"Women","Blue","S"
"Anarkali Kurti","Ethnic Wear",2543,52,"Spring",4.3,"Women","Blue","XS"
"Running Shorts","Sportswear",1062,66,"Spring",5.0,"Unisex","Beige","XL"
"Crop Hooded Top","Tops",449,82,"Summer",4.2,"Women","Red","L"
"Embroidery Salwar Kameez","Ethnic Wear",3097,51,"Summer",4.1,"Women","Green","L"
"Lace-up Formal Shoes","Footwear",5520,69,"Summer",4.7,"Men","Green","M"
"Leather Chelsea Boots","Footwear",5262,37,"Spring",3.7,"Men","Green","XXL"
"Oversized Fleece Hoodie","Outerwear",4064,58,"Spring",3.8,"Unisex","Blue","XXL"
"Floral Sundress","Dresses",3279,48,"Spring",3.8,"Women","Olive","XXL"
"Wrap Midi Dress","Dresses",2282,58,"Summer",4.1,"Women","Yellow","Free"
"Linen Button-up","Tops",679,62,"Spring",4.5,"Men","Green","XS"
"Chino Trousers","Bottoms",2353,62,"Autumn",4.5,"Men","Red","Free"
"Silk Party Gown","Dresses",2930,87,"Winter",4.2,"Women","Green","S"
"Activewear Joggers","Sportswear",891,56,"Autumn",5.0,"Unisex","Pink","XXL"
"Linen Shorts","Bottoms",2224,77,"Autumn",4.0,"Unisex","Grey","XXL"
"Trench Coat","Outerwear",4258,56,"Autumn",3.9,"Unisex","Pink","XS"
"Floral Sundress","Dresses",3226,100,"Summer",4.1,"Women","Navy","XXL"
"Strappy Sandals","Footwear",2591,42,"Winter",4.7,"Women","Grey","Free"
"Slim Fit Denim Jeans","Bottoms",981,43,"Summer",4.9,"Unisex","White","XS"
"Linen Summer Dress","Dresses",1862,72,"Autumn",4.2,"Women","Navy","L"
"Linen Button-up","Tops",919,82,"Winter",4.1,"Men","Beige","XL"
"V-Neck Camisole","Tops",938,30,"Winter",4.2,"Women","Black","XL"
"Casual Denim Jacket","Outerwear",4092,81,"Spring",3.7,"Unisex","Navy","L"
"Activewear Joggers","Sportswear",532,64,"Spring",4.4,"Unisex","Blue","XS"
"Classic Canvas Sneakers","Footwear",4843,77,"Winter",3.6,"Unisex","Blue","S"
"Floral Print Saree","Ethnic Wear",3701,82,"Autumn",3.9,"Women","Blue","XL"
"Slim Fit Denim Jeans","Bottoms",1677,37,"Autumn",4.0,"Unisex","Grey","S"
"Oversized Fleece Hoodie","Outerwear",1731,47,"Autumn",4.8,"Unisex","White","XL"
"Oversized Fleece Hoodie","Outerwear",1746,47,"Spring",4.9,"Unisex","Grey","L"
"Classic Canvas Sneakers","Footwear",6698,54,"Autumn",4.0,"Unisex","Pink","XS"
"Activewear Joggers","Sportswear",1044,98,"Autumn",4.3,"Unisex","Red","L"
"Classic Canvas Sneakers","Footwear",1835,74,"Summer",4.7,"Unisex","White","XL"
"Wrap Midi Dress","Dresses",1360,73,"Summer",4.7,"Women","Navy","XS"
"Running Shorts","Sportswear",1759,90,"Summer",3.7,"Unisex","Navy","XL"
"Linen Summer Dress","Dresses",1208,44,"Autumn",4.5,"Women","Grey","XXL"
"Silk Kurta Pajama","Ethnic Wear",3666,53,"Autumn",3.9,"Men","Pink","XS"
"Silk Party Gown","Dresses",4693,68,"Spring",3.6,"Women","Black","XL"